replica_index,response_seed,prompt_final_events,prompt_final_cps,delayed_final_events,delayed_final_cps,atm511_final_events,atm511_final_cps,science_final_events,science_unit_acceptance,day15_background_cps,day15_signal_cps,Z20d,flux_3sigma_20d_ph_cm2_s,reference_prompt_final_cps,reference_delayed_final_cps,reference_signal_final_cps,reference_Z20d,reference_flux_3sigma_20d_ph_cm2_s
0,26071301,5,0.003393031514121508,29,0.0009012256072797496,8,0.0015552613519498118,27901,0.7501478733129,0.005849518473351069,0.0011134811712591435,18.563290210456216,1.616092818669709e-05,0.04273206282902456,0.0036999863806205166,0.0011171527338467153,6.75286710805973,4.442557438187135e-05
1,26079220,5,0.003393031514121508,30,0.0009323023523583617,9,0.0017496690209435383,27959,0.751707264612572,0.006075002887423408,0.0011157958520208735,18.232260994829574,1.645434979704799e-05,0.04001840555451511,0.003984600717591325,0.0011157958520208735,6.928927247650547,4.3296745553465536e-05
2,26087139,5,0.003393031514121508,28,0.0008701488622011375,9,0.0017496690209435383,27945,0.7513308598160995,0.006012849397266183,0.0011152371359749386,18.309508113306578,1.6384929520961443e-05,0.04205373341869632,0.0036999863806205166,0.0011177513581816455,6.8064505500479004,4.40758362665088e-05
3,26095058,5,0.003393031514121508,30,0.0009323023523583617,9,0.0017496690209435383,27949,0.751438404043663,0.006075002887423408,0.00111539676913092,18.225739924335336,1.646023707380103e-05,0.04273206282902456,0.0036999863806205166,0.0011206646632783057,6.774095711362711,4.428635389617938e-05
4,26102977,5,0.003393031514121508,30,0.0009323023523583617,9,0.0017496690209435383,27993,0.7526213905468625,0.006075002887423408,0.0011171527338467153,18.254432640418383,1.6434364513512712e-05,0.04205362020763082,0.003842293549105921,0.001119906405787394,6.809156886055188,4.405831808845306e-05
5,26110896,3,0.0020357386787606406,31,0.0009633790974369737,8,0.0015552613519498118,27945,0.7513308598160995,0.004554379128147426,0.0011152371359749386,21.025007359880714,1.4268722710292649e-05,0.04001840555451511,0.0036999863806205166,0.0011198265892094035,6.9762252157755436,4.3003198824717014e-05
6,26118815,5,0.003393031514121508,29,0.0009012256072797496,9,0.0017496690209435383,27900,0.7501209872560092,0.0060439261423447955,0.0011134412629701482,18.23675251287948,1.6450297265816858e-05,0.04137529079730258,0.003842293549105921,0.001115157319396948,6.831018423427812,4.391731677536008e-05
7,26126734,5,0.003393031514121508,30,0.0009323023523583617,9,0.0017496690209435383,27938,0.7511426574178632,0.006075002887423408,0.0011149577779519713,18.218566746791684,1.6466717946011338e-05,0.04205373341869632,0.003984600717591325,0.0011176316333146594,6.784961268891713,4.421543294218441e-05
8,26134653,5,0.003393031514121508,31,0.0009633790974369737,9,0.0017496690209435383,27946,0.7513577458729903,0.00610607963250202,0.001115277044263934,18.181049680352242,1.6500697444559636e-05,0.04273217604009005,0.003842293549105921,0.0011179508996266223,6.747503914027225,4.4460885658226476e-05
9,26142572,5,0.003393031514121508,30,0.0009323023523583617,8,0.0015552613519498118,27976,0.7521643275797173,0.005880595218429681,0.0011164742929337945,18.56776157386029,1.6157036420714292e-05,0.04273206282902456,0.003842293549105921,0.0011178710830486314,6.74703031561768,4.446400652826109e-05
10,26150491,5,0.003393031514121508,30,0.0009323023523583617,8,0.0015552613519498118,27887,0.7497714685164275,0.005880595218429681,0.0011129224552132086,18.508691998336996,1.6208600803717247e-05,0.04137529079730258,0.003842293549105921,0.001117472000158678,6.845197266280229,4.382634836220345e-05
11,26158410,5,0.003393031514121508,30,0.0009323023523583617,9,0.0017496690209435383,27907,0.7503091896542454,0.006075002887423408,0.0011137206209931156,18.198351428259556,1.648500970995323e-05,0.03933984972205588,0.003842293549105921,0.0011180307162046129,7.00839524283789,4.280580498175811e-05
12,26166329,4,0.002714184522160414,29,0.0009012256072797496,8,0.0015552613519498118,27984,0.7523794160348445,0.005170671481389976,0.0011167935592457572,19.779338789693124,1.5167342204398054e-05,0.04273206282902456,0.003415372043649708,0.0011185894322505478,6.782061698864602,4.423433659564371e-05
13,26174248,5,0.003393031514121508,26,0.0008079953720439133,8,0.0015552613519498118,27968,0.7519492391245901,0.005756288238115233,0.0011161550266218317,18.746139106475994,1.6003295307691534e-05,0.041375177586237086,0.003984600717591325,0.0011207444798562965,6.85463200342917,4.376602563783422e-05
14,26182167,3,0.0020357386787606406,27,0.0008390721171225254,8,0.0015552613519498118,27913,0.7504705059955907,0.004430072147832978,0.0011139600707270876,21.269123944051884,1.4104953301750725e-05,0.04273217604009005,0.0035576792121351122,0.0011155164939979062,6.753171930495877,4.44235691150205e-05
15,26190086,5,0.003393031514121508,29,0.0009012256072797496,9,0.0017496690209435383,27942,0.7512502016454268,0.0060439261423447955,0.0011151174111079527,18.264205694352114,1.642557059531857e-05,0.04137529079730258,0.003984600717591325,0.001114478878484027,6.8163021829060355,4.401213325787432e-05
16,26198005,5,0.003393031514121508,29,0.0009012256072797496,9,0.0017496690209435383,27992,0.7525945044899716,0.0060439261423447955,0.0011171128255577198,18.29688804706626,1.6396230835991933e-05,0.04273206282902456,0.0036999863806205166,0.0011185495239615525,6.761310330222249,4.437009771006012e-05
17,26205924,4,0.0027145856707217345,30,0.0009323023523583617,9,0.0017496690209435383,27952,0.7515190622143357,0.005396557044023634,0.0011155164939979062,19.314657065681388,1.5532245743728226e-05,0.03730486149107114,0.003984600717591325,0.0011191082400074874,7.174566204663135,4.181437475690363e-05
18,26213843,4,0.0027145856707217345,31,0.0009633790974369737,9,0.0017496690209435383,27985,0.7524063020917353,0.0054276337891022465,0.0011168334675347525,19.286567030604676,1.5554867775273243e-05,0.0400185187655806,0.0035576792121351122,0.0011167137426677663,6.968007116202364,4.305391699477815e-05
19,26221762,5,0.003393031514121508,30,0.0009323023523583617,9,0.0017496690209435383,27825,0.7481045329891919,0.006075002887423408,0.0011104481412954972,18.14487865046984,1.6533590870404192e-05,0.03933984972205588,0.003984600717591325,0.001115037594529962,6.978311507985643,4.2990342242058776e-05
20,26229681,5,0.003393031514121508,31,0.0009633790974369737,9,0.0017496690209435383,27999,0.7527827068882079,0.00610607963250202,0.0011173921835806874,18.215530308458547,1.646946286601891e-05,0.04205373341869632,0.003842293549105921,0.0011200261306543802,6.80987638373802,4.4053663105603474e-05
21,26237600,5,0.003393031514121508,30,0.0009323023523583617,9,0.0017496690209435383,27922,0.7507124805076089,0.006075002887423408,0.0011143192453280458,18.20813303373699,1.647615378491272e-05,0.04069696138697434,0.003415372043649708,0.0011173921835806874,6.9295066002582075,4.329312565902187e-05
22,26245519,5,0.003393031514121508,30,0.0009323023523583617,9,0.0017496690209435383,27909,0.7503629617680272,0.006075002887423408,0.0011138004375711062,18.199655642094605,1.6483828370143433e-05,0.040696848175908844,0.0036999863806205166,0.0011159953934658504,6.898961168567655,4.348480773697198e-05
23,26253438,5,0.003393031514121508,31,0.0009633790974369737,9,0.0017496690209435383,27875,0.7494488358337368,0.00610607963250202,0.0011124435557452645,18.134858651299,1.6542726125880834e-05,0.04341050545041831,0.0036999863806205166,0.0011166738343787713,6.701130868108993,4.476856308354081e-05
24,26261357,5,0.003393031514121508,27,0.0008390721171225254,9,0.0017496690209435383,27872,0.7493681776630641,0.005981772652187572,0.0011123238308782784,18.305216097959143,1.6388771287624798e-05,0.044088948071812045,0.003842293549105921,0.001115955485176855,6.639322582294355,4.518533273259466e-05
25,26269276,5,0.003393031514121508,30,0.0009323023523583617,9,0.0017496690209435383,27923,0.7507393665644998,0.006075002887423408,0.001114359153617041,18.208785147471836,1.647556372214392e-05,0.04205373341869632,0.003984600717591325,0.0011184697073835616,6.790049061959602,4.418230225768359e-05
26,26277195,5,0.003393031514121508,29,0.0009012256072797496,9,0.0017496690209435383,27857,0.7489648868097006,0.0060439261423447955,0.0011117252065433482,18.208645695375836,1.6475689901319037e-05,0.041375177586237086,0.003842293549105921,0.0011174320918696827,6.844961397169308,4.3827858565289094e-05
27,26285114,5,0.003393031514121508,31,0.0009633790974369737,9,0.0017496690209435383,27943,0.7512770877023177,0.00610607963250202,0.001115157319396948,18.179097946949355,1.650246898253514e-05,0.04205373341869632,0.0036999863806205166,0.0011175119084476733,6.804992457665308,4.408528030946938e-05
28,26293033,5,0.003393031514121508,29,0.0009012256072797496,7,0.0013608536829560853,27985,0.7524063020917353,0.0056551108043573425,0.0011168334675347525,18.96421554451722,1.5819267572432417e-05,0.04137529079730258,0.003842293549105921,0.001117472000158678,6.845197259252314,4.3826348407199646e-05
29,26300952,5,0.003393031514121508,30,0.0009323023523583617,8,0.0015552613519498118,27971,0.7520298972952628,0.005880595218429681,0.0011162747514888178,18.564443063717754,1.615992459188385e-05,0.0400185187655806,0.0035576792121351122,0.0011178710830486314,6.97522865097369,4.300934277733279e-05
30,26308871,5,0.003393031514121508,30,0.0009323023523583617,9,0.0017496690209435383,27885,0.7497176964026457,0.006075002887423408,0.001112842638635218,18.18400507932143,1.649801562919466e-05,0.04273206282902456,0.003984600717591325,0.001117910991337627,6.737137745924867,4.452929586922322e-05
31,26316790,5,0.003393031514121508,29,0.0009012256072797496,9,0.0017496690209435383,27938,0.7511426574178632,0.0060439261423447955,0.0011149577779519713,18.261591112882193,1.6427922306746445e-05,0.040018631976646096,0.003984600717591325,0.0011142793370390502,6.919492109448143,4.3355783235935535e-05
32,26324709,5,0.003393031514121508,29,0.0009012256072797496,9,0.0017496690209435383,27956,0.7516266064418994,0.0060439261423447955,0.0011156761271538876,18.273356752698678,1.6417344884140946e-05,0.04137529079730258,0.0036999863806205166,0.0011167137426677663,6.851183352668276,4.3788055954328154e-05
33,26332628,5,0.003393031514121508,31,0.0009633790974369737,8,0.0015552613519498118,27905,0.7502554175404637,0.005911671963508293,0.001113640804415125,18.4756559556524,1.623758315916349e-05,0.04137918305710359,0.003842293549105921,0.0011166339260897757,6.839768752403602,4.386113198557705e-05
34,26340547,5,0.003393031514121508,30,0.0009323023523583617,8,0.0015552613519498118,27958,0.7516803785556812,0.005880595218429681,0.0011157559437318782,18.555814921988677,1.616743868492132e-05,0.040696848175908844,0.0036999863806205166,0.0011134412629701482,6.8831717994012465,4.3584557925184495e-05
35,26348466,5,0.003393031514121508,28,0.0008701488622011375,9,0.0017496690209435383,27934,0.7510351131902996,0.006012849397266183,0.0011147981447959898,18.30230093583587,1.63913816657118e-05,0.04341050545041831,0.003842293549105921,0.0011155564022869015,6.684485886520563,4.488004090261567e-05
36,26356385,5,0.003393031514121508,26,0.0008079953720439133,9,0.0017496690209435383,27852,0.7488304565252462,0.00595069590710896,0.0011115256650983717,18.335899758359016,1.6361345990847014e-05,0.040696848175908844,0.003842293549105921,0.0011157559437318782,6.88661480332512,4.356276756689638e-05
37,26364304,5,0.003393031514121508,28,0.0008701488622011375,9,0.0017496690209435383,27923,0.7507393665644998,0.006012849397266183,0.001114359153617041,18.29509375756917,1.639783889469722e-05,0.04001840555451511,0.003984600717591325,0.0011177114498926502,6.940822823442173,4.322254113543566e-05
38,26372223,5,0.003393031514121508,28,0.0008701488622011375,9,0.0017496690209435383,27892,0.749905898800882,0.006012849397266183,0.0011131219966581854,18.274782626009912,1.6416063935721985e-05,0.040018631976646096,0.003842293549105921,0.001117591725025664,6.9511463791383905,4.315834880133623e-05
39,26380142,4,0.0027145856707217345,31,0.0009633790974369737,8,0.0015552613519498118,27872,0.7493681776630641,0.00523322612010852,0.0011123238308782784,19.591409550522094,1.5312833883971624e-05,0.04205384662976181,0.003984600717591325,0.0011157958520208735,6.773808215128076,4.428823351242869e-05
40,26388061,5,0.003393031514121508,30,0.0009323023523583617,9,0.0017496690209435383,27965,0.7518685809539174,0.006075002887423408,0.0011160353017548455,18.23617363148795,1.6450819457103512e-05,0.0400185187655806,0.0036999863806205166,0.0011198664974983988,6.97646479440433,4.300172205278288e-05
41,26395980,4,0.0027145856707217345,30,0.0009323023523583617,9,0.0017496690209435383,27986,0.7524331881486263,0.005396557044023634,0.001116873375823748,19.33815086597265,1.5513375714111273e-05,0.039340076144186865,0.003984600717591325,0.001117232550424706,6.992030087876297,4.290599385723176e-05
42,26403899,5,0.003393031514121508,29,0.0009012256072797496,9,0.0017496690209435383,27916,0.7505511641662634,0.0060439261423447955,0.0011140797955940735,18.247210871481066,1.6440868805263607e-05,0.04341050545041831,0.0036999863806205166,0.0011147981447959898,6.689874915114494,4.4843887786632204e-05
43,26411818,5,0.003393031514121508,28,0.0008701488622011375,9,0.0017496690209435383,27869,0.7492875194923914,0.006012849397266183,0.0011122041060112925,18.259713065297586,1.642961195103045e-05,0.041375177586237086,0.0036999863806205166,0.0011139600707270876,6.834297815906611,4.389624334218499e-05
44,26419737,5,0.003393031514121508,31,0.0009633790974369737,9,0.0017496690209435383,27914,0.7504973920524817,0.00610607963250202,0.001113999979016083,18.160231187121052,1.6519613484477844e-05,0.04273206282902456,0.003984600717591325,0.0011174320918696827,6.734251633518508,4.4548379883342164e-05
45,26427656,5,0.003393031514121508,30,0.0009323023523583617,9,0.0017496690209435383,27974,0.7521105554659355,0.006075002887423408,0.0011163944763558037,18.24204260621092,1.6445526768907895e-05,0.04273217604009005,0.0036999863806205166,0.0011137206209931156,6.73211280963448,4.4562533113031494e-05
46,26435575,4,0.002714184522160414,30,0.0009323023523583617,9,0.0017496690209435383,27911,0.750416733881809,0.005396155895462313,0.0011138802541490968,19.28702666168647,1.5554497085647096e-05,0.04137529079730258,0.003984600717591325,0.0011162348431998223,6.827041891028194,4.3942897200359526e-05
47,26443494,5,0.003393031514121508,30,0.0009323023523583617,9,0.0017496690209435383,27960,0.7517341506694629,0.006075002887423408,0.0011158357603098688,18.232913101878996,1.6453761300989443e-05,0.04273228925115555,0.003842293549105921,0.0011173921835806874,6.7441235014897645,4.448317115392839e-05
48,26451413,5,0.003393031514121508,31,0.0009633790974369737,9,0.0017496690209435383,27911,0.750416733881809,0.00610607963250202,0.0011138802541490968,18.158279453981116,1.6521389086465815e-05,0.04341050545041831,0.003842293549105921,0.0011174320918696827,6.695725138101133,4.4804706557156885e-05
49,26459332,5,0.003393031514121508,30,0.0009323023523583617,8,0.0015552613519498118,27883,0.7496639242888639,0.005880595218429681,0.0011127628220572272,18.506037179423057,1.621092603950733e-05,0.04273206282902456,0.0035576792121351122,0.0011184697073835616,6.771058528266705,4.4306218702380024e-05
50,26467251,4,0.0027145856707217345,29,0.0009012256072797496,9,0.0017496690209435383,27882,0.749637038231973,0.005365480298945022,0.0011127229137682319,19.317396569539685,1.5530043032457594e-05,0.041375404008368075,0.003984600717591325,0.0011174320918696827,6.834355908576994,4.38958702199728e-05
51,26475170,5,0.003393031514121508,28,0.0008701488622011375,9,0.0017496690209435383,27913,0.7504705059955907,0.006012849397266183,0.0011139600707270876,18.288541777567897,1.6403713519028064e-05,0.041375177586237086,0.003842293549105921,0.0011190284234294965,6.85473988327097,4.37653368484706e-05
52,26483089,4,0.0027145856707217345,29,0.0009012256072797496,9,0.0017496690209435383,27944,0.7513039737592085,0.005365480298945022,0.0011151972276859433,19.360351823717508,1.5495586171759718e-05,0.041375177586237086,0.003984600717591325,0.0011201458555213661,6.850970711791931,4.378941505086837e-05
53,26491008,4,0.002714184522160414,30,0.0009323023523583617,9,0.0017496690209435383,27938,0.7511426574178632,0.005396155895462313,0.0011149577779519713,19.305684170470567,1.5539464820359572e-05,0.04069696138697434,0.003842293549105921,0.0011180706244936082,6.900892552710231,4.347263744632267e-05
54,26498927,5,0.003393031514121508,29,0.0009012256072797496,9,0.0017496690209435383,27811,0.7477281281927194,0.0060439261423447955,0.0011098894252495623,18.17857793136725,1.6502941051420097e-05,0.04341050545041831,0.0036999863806205166,0.0011160353017548455,6.697299067121387,4.479417702470097e-05
55,26506846,3,0.0020357386787606406,30,0.0009323023523583617,9,0.0017496690209435383,27889,0.7498252406302093,0.00471771005206254,0.0011130022717911992,20.57694348705753,1.4579424791086869e-05,0.04205373341869632,0.003842293549105921,0.0011168334675347525,6.790464689678477,4.417959796713188e-05
56,26514765,5,0.003393031514121508,31,0.0009633790974369737,9,0.0017496690209435383,27908,0.7503360757111364,0.00610607963250202,0.001113760529282111,18.156327721367422,1.6523165069715205e-05,0.041375404008368075,0.003984600717591325,0.0011167137426677663,6.829962336712858,4.392410751482779e-05
57,26522684,5,0.003393031514121508,30,0.0009323023523583617,9,0.0017496690209435383,28002,0.7528633650588805,0.006075002887423408,0.0011175119084476733,18.260301597954776,1.6429082421815048e-05,0.04273206282902456,0.003842293549105921,0.0011200261306543802,6.760037342479771,4.437845307670322e-05
58,26530603,5,0.003393031514121508,25,0.0007769186269653012,8,0.0015552613519498118,27936,0.7510888853040814,0.005725211493036621,0.0011148779613739804,18.77141711769039,1.598174491137788e-05,0.041375177586237086,0.003842293549105921,0.0011159155768878596,6.8356717659854445,4.388742032536014e-05
59,26538522,5,0.003393031514121508,30,0.0009323023523583617,9,0.0017496690209435383,27909,0.7503629617680272,0.006075002887423408,0.0011138004375711062,18.199655642094605,1.6483828370143433e-05,0.04137529079730258,0.003842293549105921,0.0011161550266218317,6.83712996111111,4.387806019577938e-05
60,26546441,5,0.003393031514121508,27,0.0008390721171225254,9,0.0017496690209435383,27945,0.7513308598160995,0.005981772652187572,0.0011152371359749386,18.35315958103609,1.634595932517164e-05,0.041375177586237086,0.0036999863806205166,0.0011175119084476733,6.856088778296675,4.375672627660051e-05
61,26554360,5,0.003393031514121508,29,0.0009012256072797496,9,0.0017496690209435383,27943,0.7512770877023177,0.0060439261423447955,0.001115157319396948,18.264859335484047,1.642498277647149e-05,0.04273206282902456,0.0036999863806205166,0.0011200660389433755,6.770477235570645,4.431002270030005e-05
62,26562279,5,0.003393031514121508,31,0.0009633790974369737,9,0.0017496690209435383,27888,0.7497983545733184,0.00610607963250202,0.0011129623635022041,18.14331616332792,1.6535014729356556e-05,0.04273206282902456,0.003842293549105921,0.0011171926421357106,6.742935578782512,4.4491007884457245e-05
63,26570198,5,0.003393031514121508,27,0.0008390721171225254,9,0.0017496690209435383,27941,0.751223315588536,0.005981772652187572,0.0011150775028189574,18.350532541370416,1.63482993926015e-05,0.040696848175908844,0.003984600717591325,0.0011177114498926502,6.887850564939499,4.3554951892693266e-05
