selection_id,time_bin_id,time_mid_s,day_mid,dt_s,prompt_scale_to_day15,delayed_activity_scale_to_day15,science_atm_scale_to_day15,T_atm_511,prompt_event_rate_hz,delayed_event_rate_hz,prompt_raw_cps,delayed_raw_cps,background_raw_cps,science_raw_cps_at_ref_flux,prompt_active_cps,delayed_active_cps,background_active_cps,science_active_cps_at_ref_flux,prompt_final_cps,delayed_final_cps,background_final_cps,science_final_cps_at_ref_flux,claim_level
broad_480_550,0,0.0,0.0,10800.0,0.9995980883233027,0.8437640406750008,1.0,0.7390423888027,676.1585051626602,59.982782664468466,0.24694276765302514,0.0062288770906468545,0.253171644743672,0.0012125335445455918,0.07325604223091173,0.0031144385453234277,0.07637048077623515,0.0012125335445455918,0.06308056560590788,0.002679865725045742,0.06576043133095362,0.0011879500385249511,FIX5_L1_RATE_FOLD_FIX5_FULLSTAT_V2_EXACTPOS_M50000_S260613_NO_NEW_TRANSPORT
broad_480_550,1,21600.0,0.25,21600.0,0.987358392119787,0.9092786648335347,1.033008816969226,0.7634373037471879,667.879202925802,64.64018600569396,0.24391904792903266,0.006712522424947864,0.25063157035398054,0.001252557842386544,0.0723590500172889,0.0033562612124739323,0.07571531122976283,0.001252557842386544,0.06230816821101358,0.0028879456944543155,0.0651961139054679,0.0012271628639152063,FIX5_L1_RATE_FOLD_FIX5_FULLSTAT_V2_EXACTPOS_M50000_S260613_NO_NEW_TRANSPORT
broad_480_550,2,43200.0,0.5,21600.0,0.9775859608713237,0.9139540691421809,1.0605306589851686,0.7837771116149006,661.2688336364315,64.97255826499254,0.24150484641405942,0.00674703742841298,0.2482518838424724,0.0012859289990385587,0.07164287254096247,0.0033735187142064902,0.07501639125516896,0.0012859289990385587,0.06169146986224829,0.0029027951726893074,0.0645942650349376,0.001259857437198323,FIX5_L1_RATE_FOLD_FIX5_FULLSTAT_V2_EXACTPOS_M50000_S260613_NO_NEW_TRANSPORT
broad_480_550,3,64800.0,0.75,21600.0,0.9706063435772849,0.9175537439534621,1.0809072123607733,0.7988362482971733,656.5476085247861,65.22845742809875,0.23978058740248018,0.0067736111277944214,0.2465541985302746,0.001310636253528703,0.07113136782199553,0.003386805563897211,0.07451817338589274,0.001310636253528703,0.06125101463152726,0.002914228043353416,0.06416524267488068,0.001284063764565878,FIX5_L1_RATE_FOLD_FIX5_FULLSTAT_V2_EXACTPOS_M50000_S260613_NO_NEW_TRANSPORT
broad_480_550,4,86400.0,1.0,21600.0,0.9664823980807905,0.9211763230359319,1.093330335569814,0.808017462949973,653.7580465449716,65.48598484490452,0.23876179942514145,0.006800353912231882,0.24556215333737333,0.001325699707147688,0.07082914242863177,0.003400176956115941,0.07422931938474771,0.001325699707147688,0.06099076922141133,0.002925733659913719,0.06391650288132504,0.0012988218142606584,FIX5_L1_RATE_FOLD_FIX5_FULLSTAT_V2_EXACTPOS_M50000_S260613_NO_NEW_TRANSPORT
broad_480_550,5,108000.0,1.25,21600.0,0.9651818096122368,0.9255257843355935,1.0974945300661616,0.8110949791979928,652.8782890054147,65.79518597136685,0.23844049937489725,0.006832462722918391,0.24527296209781566,0.0013307489326605214,0.0707338281569356,0.003416231361459196,0.0741500595183948,0.0013307489326605214,0.060908694378356644,0.0029395479156741934,0.06384824229403084,0.0013037686692730199,FIX5_L1_RATE_FOLD_FIX5_FULLSTAT_V2_EXACTPOS_M50000_S260613_NO_NEW_TRANSPORT
broad_480_550,6,129600.0,1.5,21600.0,0.9666800367242471,0.931114088734902,1.093330335569814,0.808017462949973,653.8917353257756,66.19245586210367,0.2388106244821123,0.006873716983079285,0.24568434146519158,0.001325699707147688,0.07084362647475054,0.003436858491539643,0.07428048496629018,0.001325699707147688,0.061003241391536955,0.002957296841557369,0.06396053823309432,0.0012988218142606584,FIX5_L1_RATE_FOLD_FIX5_FULLSTAT_V2_EXACTPOS_M50000_S260613_NO_NEW_TRANSPORT
broad_480_550,7,151200.0,1.75,21600.0,0.9709942780162459,0.9383469560579438,1.0809072123607733,0.7988362482971733,656.8100191610339,66.7066369456349,0.23987642352416147,0.006927111817886587,0.24680353534204805,0.001310636253528703,0.07115979778997497,0.003463555908943294,0.07462335369891826,0.001310636253528703,0.061275495594539826,0.0029802690379279522,0.06425576463246778,0.001284063764565878,FIX5_L1_RATE_FOLD_FIX5_FULLSTAT_V2_EXACTPOS_M50000_S260613_NO_NEW_TRANSPORT
broad_480_550,8,172800.0,2.0,21600.0,0.9781496956660047,0.9475333996730785,1.0605306589851682,0.7837771116149004,661.6501609724202,67.35969683473043,0.24164411261719349,0.0069949284412793725,0.24863904105847287,0.0012859289990385582,0.07168418612530061,0.0034974642206396867,0.0751816503459403,0.0012859289990385582,0.0617270448699595,0.003009445957294616,0.06473649082725412,0.0012598574371983223,FIX5_L1_RATE_FOLD_FIX5_FULLSTAT_V2_EXACTPOS_M50000_S260613_NO_NEW_TRANSPORT
broad_480_550,9,194400.0,2.25,21600.0,0.9880765706559972,0.9588207454738741,1.0330088169692258,0.7634373037471877,668.3650006990833,68.16210885680024,0.2440964682317247,0.007078254449835674,0.2511747226815604,0.0012525578423865438,0.0724116820879106,0.0035391272249178374,0.07595080931282844,0.0012525578423865438,0.06235348953445283,0.0030452955191153505,0.06539878505356818,0.001227162863915206,FIX5_L1_RATE_FOLD_FIX5_FULLSTAT_V2_EXACTPOS_M50000_S260613_NO_NEW_TRANSPORT
broad_480_550,10,216000.0,2.5,21600.0,1.0004427595978038,0.9720611564612254,1.0,0.7390423888027,676.72986646576,69.10336335018583,0.24715143698194733,0.007175998473868606,0.25432743545581593,0.0012125335445455918,0.07331794438466624,0.0035879992369343035,0.07690594362160054,0.0012125335445455918,0.06313386937106011,0.003087348180617891,0.066221217551678,0.0011879500385249511,FIX5_L1_RATE_FOLD_FIX5_FULLSTAT_V2_EXACTPOS_M50000_S260613_NO_NEW_TRANSPORT
broad_480_550,11,237600.0,2.75,21600.0,1.0144542423095344,0.9866409653501947,0.9642708909886071,0.7126370627291281,686.2076589066876,70.13983500069243,0.2506128624890339,0.007283630268062939,0.25789649275709686,0.0011692108013525518,0.07434478285228469,0.00364181513403147,0.07798659798631616,0.0011692108013525518,0.06401807699886371,0.003133654882771267,0.06715173188163498,0.0011455056420984048,FIX5_L1_RATE_FOLD_FIX5_FULLSTAT_V2_EXACTPOS_M50000_S260613_NO_NEW_TRANSPORT
broad_480_550,12,259200.0,3.0,21600.0,1.0287105093605544,1.001353285709559,0.9296510660150816,0.6870515445807625,695.8510309089154,71.18572682834109,0.25413476002275637,0.007392240295059811,0.26152700031781617,0.001127233102265855,0.07538956046175015,0.003696120147529906,0.07908568060928005,0.001127233102265855,0.06491773196970871,0.003180382452525735,0.06809811442223444,0.0011043790196873782,FIX5_L1_RATE_FOLD_FIX5_FULLSTAT_V2_EXACTPOS_M50000_S260613_NO_NEW_TRANSPORT
broad_480_550,13,280800.0,3.25,21600.0,1.0412526482439335,1.0144419409558025,0.9005490103995397,0.6655438918795834,704.3349145597464,72.11619307857084,0.25723319580842835,0.007488864020272703,0.26472205982870106,0.001091945883616779,0.07630871733733795,0.003744432010136352,0.0800531493474743,0.001091945883616779,0.06570921529076876,0.003221953125001049,0.06893116841576981,0.0010698072315977398,FIX5_L1_RATE_FOLD_FIX5_FULLSTAT_V2_EXACTPOS_M50000_S260613_NO_NEW_TRANSPORT
broad_480_550,14,302400.0,3.5,21600.0,1.0499213172045039,1.0239277898516017,0.8811061237734871,0.6511747745022454,710.1986655158541,72.79053754607094,0.2593747216176482,0.007558890928299162,0.26693361254594733,0.0010683707313798932,0.0769440050463476,0.0037794454641495814,0.08072345051049719,0.0010683707313798932,0.0662562596953858,0.0032520809807798745,0.06950834067616568,0.0010467100536812844,FIX5_L1_RATE_FOLD_FIX5_FULLSTAT_V2_EXACTPOS_M50000_S260613_NO_NEW_TRANSPORT
broad_480_550,15,324000.0,3.75,21600.0,1.0529876305340695,1.028189406833528,0.8742699771764703,0.6461225723909806,712.2728129772175,73.09349386194047,0.26013222996919416,0.007590351250270926,0.2677225812194651,0.0010600816743155791,0.07716872134121432,0.0037951756251354634,0.08096389696634979,0.0010600816743155791,0.06644976224547408,0.00326561623558168,0.06971537848105576,0.001038589053067996,FIX5_L1_RATE_FOLD_FIX5_FULLSTAT_V2_EXACTPOS_M50000_S260613_NO_NEW_TRANSPORT
broad_480_550,16,345600.0,4.0,21600.0,1.049788246378433,1.0265572528141886,0.8811061237734871,0.6511747745022454,710.108652367682,72.97746481223287,0.2593418475270835,0.007578302281259001,0.2669201498083425,0.0010683707313798932,0.07693425288478564,0.003789151140629501,0.08072340402541514,0.0010683707313798932,0.06624786213733495,0.0032604323768207354,0.06950829451415569,0.0010467100536812844,FIX5_L1_RATE_FOLD_FIX5_FULLSTAT_V2_EXACTPOS_M50000_S260613_NO_NEW_TRANSPORT
broad_480_550,17,367200.0,4.25,21600.0,1.0409953666214347,1.019582985377769,0.9005490103995397,0.6655438918795834,704.1608814565354,72.48166747113264,0.2571696364272448,0.0075268164954651355,0.26469645292270993,0.001091945883616779,0.07628986232588567,0.003763408247732568,0.08005327057361823,0.001091945883616779,0.06569297929506526,0.0032382815154908167,0.06893126081055607,0.0010698072315977398,FIX5_L1_RATE_FOLD_FIX5_FULLSTAT_V2_EXACTPOS_M50000_S260613_NO_NEW_TRANSPORT
broad_480_550,18,388800.0,4.5,21600.0,1.0283453370546611,1.0088147045977518,0.9296510660150816,0.6870515445807625,695.6040172707703,71.71615553348119,0.2540445471052439,0.007447322354659321,0.2614918694599032,0.001127233102265855,0.0753627986279946,0.003723661177329661,0.07908645980532425,0.001127233102265855,0.06489468743224065,0.0032040805479348266,0.06809876798017547,0.0011043790196873782,FIX5_L1_RATE_FOLD_FIX5_FULLSTAT_V2_EXACTPOS_M50000_S260613_NO_NEW_TRANSPORT
broad_480_550,19,410400.0,4.75,21600.0,1.0140028088714788,0.9962294341976983,0.9642708909886073,0.7126370627291283,685.9022956189605,70.82147467154725,0.2505013394440153,0.007354414742228034,0.25785575418624335,0.001169210801352552,0.07431169932862756,0.0036772073711140176,0.07798890669974158,0.001169210801352552,0.06398958887254713,0.0031641086681678775,0.06715369754071501,0.001145505642098405,FIX5_L1_RATE_FOLD_FIX5_FULLSTAT_V2_EXACTPOS_M50000_S260613_NO_NEW_TRANSPORT
broad_480_550,20,432000.0,5.0,21600.0,0.999929891698667,0.9836554768955248,1.0,0.7390423888027,676.3829470427668,69.92759805233838,0.2470247370413085,0.007261590645913591,0.2542863276872221,0.0012125335445455918,0.07328035860602487,0.003630795322956796,0.07691115392898167,0.0012125335445455918,0.063101504366028,0.0031241727197535243,0.06622567708578153,0.0011879500385249511,FIX5_L1_RATE_FOLD_FIX5_FULLSTAT_V2_EXACTPOS_M50000_S260613_NO_NEW_TRANSPORT
broad_480_550,21,453600.0,5.25,21600.0,0.9875286583143214,0.9724333323087005,1.033008816969226,0.7634373037471879,667.9943761508421,69.12982115342928,0.24396111083992375,0.007178745969019236,0.25113985680894296,0.001252557842386544,0.07237152805989723,0.0035893729845096183,0.07596090104440685,0.001252557842386544,0.06231891301733149,0.0030885302424850224,0.06540744325981651,0.0012271628639152063,FIX5_L1_RATE_FOLD_FIX5_FULLSTAT_V2_EXACTPOS_M50000_S260613_NO_NEW_TRANSPORT
broad_480_550,22,475200.0,5.5,21600.0,0.9775935432010111,0.9633564615278272,1.0605306589851686,0.7837771116149006,661.2739625545107,68.48455074478869,0.2415067195683803,0.007111738239682354,0.24861845780806266,0.0012859289990385587,0.07164342821575845,0.0035558691198411775,0.07519929733559963,0.0012859289990385587,0.06169194835220428,0.0030597013356772943,0.06475164968788158,0.001259857437198323,FIX5_L1_RATE_FOLD_FIX5_FULLSTAT_V2_EXACTPOS_M50000_S260613_NO_NEW_TRANSPORT
broad_480_550,23,496800.0,5.75,21600.0,0.9704562295148899,0.9567911768151887,1.0809072123607733,0.7988362482971733,656.446066813954,68.0178277901893,0.23974350291576046,0.007063271666601789,0.24680677458236225,0.001310636253528703,0.0711203666383971,0.003531635833300895,0.074652002471698,0.001310636253528703,0.061241541544221574,0.0030388494379565856,0.06428039098217816,0.001284063764565878,FIX5_L1_RATE_FOLD_FIX5_FULLSTAT_V2_EXACTPOS_M50000_S260613_NO_NEW_TRANSPORT
broad_480_550,24,518400.0,6.0,21600.0,0.9661851811290609,0.9528522940489341,1.093330335569814,0.808017462949973,653.556999972216,67.73781449557194,0.2386883743380881,0.007034193849294193,0.24572256818738228,0.001325699707147688,0.07080736073674782,0.003517096924647097,0.07432445766139491,0.001325699707147688,0.06097201306967216,0.0030263392142312246,0.06399835228390338,0.0012988218142606584,FIX5_L1_RATE_FOLD_FIX5_FULLSTAT_V2_EXACTPOS_M50000_S260613_NO_NEW_TRANSPORT
broad_480_550,25,540000.0,6.25,21600.0,0.9647531838829096,0.9515547584949924,1.0974945300661616,0.8110949791979928,652.5883535445514,67.64557331275353,0.2383346107931525,0.007024615117448994,0.2453592259106015,0.0013307489326605214,0.07070241610753732,0.0035123075587244973,0.07421472366626182,0.0013307489326605214,0.06088164555367897,0.003022218131925732,0.0639038636856047,0.0013037686692730199,FIX5_L1_RATE_FOLD_FIX5_FULLSTAT_V2_EXACTPOS_M50000_S260613_NO_NEW_TRANSPORT
broad_480_550,26,561600.0,6.5,21600.0,0.9661402051286938,0.9529094133581447,1.093330335569814,0.808017462949973,653.5265768396273,67.74187507998317,0.23867726337445344,0.0070346155183147055,0.24571187889276816,0.001325699707147688,0.07080406464822908,0.003517307759157353,0.07432137240738644,0.001325699707147688,0.06096917481740359,0.0030265206299726084,0.0639956954473762,0.0012988218142606584,FIX5_L1_RATE_FOLD_FIX5_FULLSTAT_V2_EXACTPOS_M50000_S260613_NO_NEW_TRANSPORT
broad_480_550,27,583200.0,6.75,21600.0,0.9703672420821688,0.9569570222953936,1.0809072123607733,0.7988362482971731,656.3858730118751,68.0296176661682,0.23972151927735702,0.007064495979398302,0.2467860152567553,0.001310636253528703,0.07111384515020543,0.0035322479896991513,0.07464609313990458,0.001310636253528703,0.061235925909644606,0.0030393761771829926,0.0642753020868276,0.001284063764565878,FIX5_L1_RATE_FOLD_FIX5_FULLSTAT_V2_EXACTPOS_M50000_S260613_NO_NEW_TRANSPORT
broad_480_550,28,604800.0,7.0,21600.0,0.9774624688016657,0.9637403177908662,1.0605306589851686,0.7837771116149006,661.1852998500079,68.51183890319592,0.24147433867918,0.007114571962580799,0.2485889106417608,0.0012859289990385587,0.07163382236332035,0.0035572859812904,0.07519110834461075,0.0012859289990385587,0.061683676780515874,0.0030609204955289507,0.06474459727604483,0.001259857437198323,FIX5_L1_RATE_FOLD_FIX5_FULLSTAT_V2_EXACTPOS_M50000_S260613_NO_NEW_TRANSPORT
broad_480_550,29,626400.0,7.25,21600.0,0.9873583921197872,0.9732118983135348,1.0330088169692258,0.7634373037471877,667.8792029258021,69.18516903886483,0.24391904792903268,0.007184493537909692,0.25110354146694236,0.0012525578423865438,0.07235905001728891,0.0035922467689548463,0.07595129678624377,0.0012525578423865438,0.062308168211013586,0.003091003033751846,0.06539917124476544,0.001227162863915206,FIX5_L1_RATE_FOLD_FIX5_FULLSTAT_V2_EXACTPOS_M50000_S260613_NO_NEW_TRANSPORT
broad_480_550,30,648000.0,7.5,21600.0,0.9997243578041646,0.9850811268828586,1.0,0.7390423888027,676.2439176743732,70.02894682903838,0.2469739615252808,0.0072721151505349075,0.2542460766758157,0.0012125335445455918,0.073265295952513,0.003636057575267454,0.07690135352778045,0.0012125335445455918,0.06308853395875347,0.0031287007042999043,0.06621723466305338,0.0011879500385249511,FIX5_L1_RATE_FOLD_FIX5_FULLSTAT_V2_EXACTPOS_M50000_S260613_NO_NEW_TRANSPORT
broad_480_550,31,669600.0,7.75,21600.0,1.0137670880142324,0.998629179509298,0.9642708909886071,0.7126370627291281,685.742846872176,70.99207141961512,0.2504431064786246,0.007372130262058498,0.25781523674068313,0.0011692108013525518,0.07429442440856233,0.0036860651310292496,0.07798048953959158,0.0011692108013525518,0.06397471348895656,0.00317173046158331,0.06714644395053987,0.0011455056420984048,FIX5_L1_RATE_FOLD_FIX5_FULLSTAT_V2_EXACTPOS_M50000_S260613_NO_NEW_TRANSPORT
broad_480_550,32,691200.0,8.0,21600.0,1.0280858399610087,1.0125710805551256,0.9296510660150816,0.6870515445807625,695.4284855555862,71.98319450622164,0.2539804404095099,0.00747505286107676,0.26145549327058665,0.001127233102265855,0.07534378125463878,0.0037375264305383803,0.07908130768517715,0.001127233102265855,0.0648783116271727,0.003216011114649306,0.068094322741822,0.0011043790196873782,FIX5_L1_RATE_FOLD_FIX5_FULLSTAT_V2_EXACTPOS_M50000_S260613_NO_NEW_TRANSPORT
broad_480_550,33,712800.0,8.25,21600.0,1.0407199502818862,1.025091598847317,0.9005490103995393,0.6655438918795831,703.9745814799531,72.8732721717337,0.25710159700826285,0.007567482457259677,0.26466907946552254,0.0010919458836167783,0.07626967830269002,0.0037837412286298388,0.08005341953131986,0.0010919458836167783,0.06567559889120218,0.0032557773362628865,0.06893137622746506,0.0010698072315977393,FIX5_L1_RATE_FOLD_FIX5_FULLSTAT_V2_EXACTPOS_M50000_S260613_NO_NEW_TRANSPORT
broad_480_550,34,734400.0,8.5,21600.0,1.0495061053960668,1.0341654373123166,0.8811061237734871,0.6511747745022454,709.9178036384674,73.51832701448707,0.259272146838509,0.007634467801282694,0.2669066146397917,0.0010683707313798932,0.07691357604280212,0.0038172339006413473,0.08073080994344346,0.0010683707313798932,0.06623005736864226,0.003284596612179766,0.06951465398082203,0.0010467100536812844,FIX5_L1_RATE_FOLD_FIX5_FULLSTAT_V2_EXACTPOS_M50000_S260613_NO_NEW_TRANSPORT
broad_480_550,35,756000.0,8.75,21600.0,1.0527088266232107,1.0381335328046801,0.8742699771764703,0.6461225723909806,712.0842215445189,73.80041702785134,0.2600633536776284,0.007663761274237655,0.2677271149518661,0.0010600816743155791,0.07714828905817317,0.003831880637118828,0.080980169695292,0.0010600816743155791,0.06643216806577772,0.0032971996179859703,0.06972936768376368,0.001038589053067996,FIX5_L1_RATE_FOLD_FIX5_FULLSTAT_V2_EXACTPOS_M50000_S260613_NO_NEW_TRANSPORT
broad_480_550,36,777600.0,9.0,21600.0,1.0496559769276872,1.0362946708706633,0.8811061237734871,0.6511747745022454,710.0191812941179,73.66969321121434,0.2593091714099273,0.007650186335722266,0.2669593577456496,0.0010683707313798932,0.07692455945241229,0.0038250931678611333,0.08074965262027342,0.0010683707313798932,0.06623951515081819,0.003291359237461907,0.0695308743882801,0.0010467100536812844,FIX5_L1_RATE_FOLD_FIX5_FULLSTAT_V2_EXACTPOS_M50000_S260613_NO_NEW_TRANSPORT
broad_480_550,37,799200.0,9.25,21600.0,1.0410100687982264,1.0291738481935366,0.9005490103995397,0.6655438918795834,704.1708264554288,73.16347732804797,0.257173268483238,0.007597618642502453,0.2647708871257405,0.001091945883616779,0.0762909397822119,0.003798809321251227,0.08008974910346311,0.001091945883616779,0.06569390708958438,0.003268742904332453,0.06896264999391682,0.0010698072315977398,FIX5_L1_RATE_FOLD_FIX5_FULLSTAT_V2_EXACTPOS_M50000_S260613_NO_NEW_TRANSPORT
broad_480_550,38,820800.0,9.5,21600.0,1.0284984848477248,1.0182974530707776,0.9296510660150821,0.6870515445807628,695.7076110891624,72.3902795934071,0.2540823810510276,0.0075173263745897554,0.26159970742561733,0.0011272331022658553,0.07537402214005139,0.003758663187294878,0.07913268532734627,0.0011272331022658553,0.06490435196593734,0.0032341985565095483,0.0681385505224469,0.0011043790196873786,FIX5_L1_RATE_FOLD_FIX5_FULLSTAT_V2_EXACTPOS_M50000_S260613_NO_NEW_TRANSPORT
broad_480_550,39,842400.0,9.75,21600.0,1.0142787846779275,1.0056256900282192,0.9642708909886073,0.7126370627291283,686.0889740359455,71.48945001082693,0.250569517074851,0.007423780251848197,0.2579932973266992,0.001169210801352552,0.07433192435263279,0.003711890125924099,0.07804381447855689,0.001169210801352552,0.06400700458208848,0.0031939519688184126,0.0672009565509069,0.001145505642098405,FIX5_L1_RATE_FOLD_FIX5_FULLSTAT_V2_EXACTPOS_M50000_S260613_NO_NEW_TRANSPORT
broad_480_550,40,864000.0,10.0,21600.0,1.0003081648222838,0.9929744277187782,1.0,0.7390423888027,676.6388224718975,70.59007781557278,0.24711818641177638,0.007330385470643727,0.2544485718824201,0.0012125335445455918,0.07330808053971222,0.003665192735321864,0.07697327327503409,0.0012125335445455918,0.06312537564276412,0.0031537704931839314,0.06627914613594804,0.0011879500385249511,FIX5_L1_RATE_FOLD_FIX5_FULLSTAT_V2_EXACTPOS_M50000_S260613_NO_NEW_TRANSPORT
broad_480_550,41,885600.0,10.25,21600.0,0.9879856499598924,0.9816752568785648,1.033008816969226,0.7634373037471879,668.3034991789377,69.78682515709848,0.24407400699595871,0.007246972166690164,0.2513209791626489,0.001252557842386544,0.07240501891955191,0.0036234860833450826,0.07602850500289698,0.001252557842386544,0.06234775189949477,0.0031178833740411194,0.06546563527353588,0.0012271628639152063,FIX5_L1_RATE_FOLD_FIX5_FULLSTAT_V2_EXACTPOS_M50000_S260613_NO_NEW_TRANSPORT
broad_480_550,42,907200.0,10.5,21600.0,0.9781040064245028,0.9725153830815843,1.0605306589851686,0.7837771116149006,661.6192553818665,69.1356541036856,0.24163282545300194,0.00717935168833749,0.24881217714133944,0.0012859289990385587,0.07168083776655117,0.0035896758441687454,0.07527051361071992,0.0012859289990385587,0.06172416160794678,0.0030887908426568294,0.06481295245060362,0.001259857437198323,FIX5_L1_RATE_FOLD_FIX5_FULLSTAT_V2_EXACTPOS_M50000_S260613_NO_NEW_TRANSPORT
broad_480_550,43,928800.0,10.75,21600.0,0.9709942780162459,0.965856869897636,1.0809072123607733,0.7988362482971733,656.8100191610339,68.66230358158732,0.23987642352416147,0.007130196879374447,0.2470066204035359,0.001310636253528703,0.07115979778997497,0.0035650984396872237,0.07472489622966219,0.001310636253528703,0.061275495594539826,0.003067642843451799,0.06434313843799162,0.001284063764565878,FIX5_L1_RATE_FOLD_FIX5_FULLSTAT_V2_EXACTPOS_M50000_S260613_NO_NEW_TRANSPORT
broad_480_550,44,950400.0,11.0,21600.0,0.9667251637352755,0.9618119028621668,1.093330335569814,0.808017462949973,653.9222606065618,68.37474880693802,0.2388217727517313,0.007100335921470268,0.24592210867320158,0.001325699707147688,0.07084693363016056,0.0035501679607351346,0.0743971015908957,0.001325699707147688,0.06100608917347355,0.0030547956871441874,0.06406088486061773,0.0012988218142606584,FIX5_L1_RATE_FOLD_FIX5_FULLSTAT_V2_EXACTPOS_M50000_S260613_NO_NEW_TRANSPORT
broad_480_550,45,972000.0,11.25,21600.0,0.9652705221271379,0.9603941952662126,1.0974945300661616,0.8110949791979928,652.9382968447308,68.27396465104788,0.23846241509703703,0.007089870049567727,0.24555228514660477,0.0013307489326605214,0.07074032949763835,0.003544935024783864,0.07428526452242222,0.0013307489326605214,0.060914292663989296,0.0030502929283023963,0.06396458559229169,0.0013037686692730199,FIX5_L1_RATE_FOLD_FIX5_FULLSTAT_V2_EXACTPOS_M50000_S260613_NO_NEW_TRANSPORT
broad_480_550,46,993600.0,11.5,21600.0,0.966612210933815,0.9616145994936341,1.093330335569814,0.808017462949973,653.8458559012291,68.36072260470239,0.23879386865934393,0.007098879378677597,0.24589274803802152,0.001325699707147688,0.07083865582802133,0.003549439689338799,0.07438809551736013,0.001325699707147688,0.06099896118204766,0.0030541690350124567,0.06405313021706012,0.0012988218142606584,FIX5_L1_RATE_FOLD_FIX5_FULLSTAT_V2_EXACTPOS_M50000_S260613_NO_NEW_TRANSPORT
broad_480_550,47,1015200.0,11.75,21600.0,0.970773873295277,0.9655149688216506,1.0809072123607733,0.7988362482971731,656.6609307139851,68.63799799738966,0.23982197428857804,0.007127672880155696,0.24694964716873374,0.001310636253528703,0.07114364532056172,0.0035638364400778486,0.07470748176063957,0.001310636253528703,0.061261586749951844,0.003066556936811174,0.06432814368676301,0.001284063764565878,FIX5_L1_RATE_FOLD_FIX5_FULLSTAT_V2_EXACTPOS_M50000_S260613_NO_NEW_TRANSPORT
broad_480_550,48,1036800.0,12.0,21600.0,0.9777869738927284,0.9721400257167051,1.0605306589851686,0.7837771116149006,661.404804948961,69.10897012788942,0.24155450508429882,0.00717658070643,0.24873108579072883,0.0012859289990385587,0.07165760388004465,0.0035882903532150003,0.07524589423325966,0.0012859289990385587,0.06170415497562784,0.0030875986760222117,0.06479175365165005,0.001259857437198323,FIX5_L1_RATE_FOLD_FIX5_FULLSTAT_V2_EXACTPOS_M50000_S260613_NO_NEW_TRANSPORT
broad_480_550,49,1058400.0,12.25,21600.0,0.9875878323777326,0.9814450858487266,1.0330088169692258,0.7634373037471877,668.034403284475,69.77046240851844,0.24397572932225453,0.007245272986604766,0.2512210023088593,0.0012525578423865438,0.07237586466051589,0.0036226364933023836,0.07599850115381827,0.0012525578423865438,0.06232264725155301,0.0031171523314462387,0.06543979958299925,0.001227162863915206,FIX5_L1_RATE_FOLD_FIX5_FULLSTAT_V2_EXACTPOS_M50000_S260613_NO_NEW_TRANSPORT
broad_480_550,50,1080000.0,12.5,21600.0,0.9998500570813005,0.9931428418802024,1.0,0.7390423888027,676.3289444829686,70.60205029787275,0.24700501453323523,0.007331628746087175,0.2543366432793224,0.0012125335445455918,0.07327450788645107,0.003665814373043588,0.07694032225949465,0.0012125335445455918,0.06309646632836342,0.0031543053907584382,0.06625077171912186,0.0011879500385249511,FIX5_L1_RATE_FOLD_FIX5_FULLSTAT_V2_EXACTPOS_M50000_S260613_NO_NEW_TRANSPORT
broad_480_550,51,1101600.0,12.75,21600.0,1.0137851103256195,1.006518398891934,0.9642708909886071,0.7126370627291281,685.7550377109434,71.55291225758494,0.25044755874749686,0.0074303704518588086,0.25787792919935565,0.0011692108013525518,0.0742957451826009,0.0037151852259294047,0.07801093040853031,0.0011692108013525518,0.06397585080365244,0.0031967872874276294,0.06717263809108007,0.0011455056420984048,FIX5_L1_RATE_FOLD_FIX5_FULLSTAT_V2_EXACTPOS_M50000_S260613_NO_NEW_TRANSPORT
broad_480_550,52,1123200.0,13.0,21600.0,1.027997573109603,1.0202913776295381,0.9296510660150816,0.6870515445807625,695.3687791765934,72.53202673797823,0.25395863478499664,0.007532046024166912,0.26149068080916354,0.001127233102265855,0.07533731257460657,0.0037660230120834565,0.07910333558669003,0.001127233102265855,0.06487274146554876,0.003240531429002046,0.06811327289455081,0.0011043790196873782,FIX5_L1_RATE_FOLD_FIX5_FULLSTAT_V2_EXACTPOS_M50000_S260613_NO_NEW_TRANSPORT
broad_480_550,53,1144800.0,13.25,21600.0,1.0405327221713658,1.0326518207487163,0.9005490103995393,0.6655438918795831,703.8479346997995,73.41072473589371,0.25705534379076034,0.007623293905403591,0.26467863769616395,0.0010919458836167783,0.07625595719764659,0.003811646952701796,0.08006760415034839,0.0010919458836167783,0.06566378368742487,0.003279789238371315,0.06894357292579618,0.0010698072315977393,FIX5_L1_RATE_FOLD_FIX5_FULLSTAT_V2_EXACTPOS_M50000_S260613_NO_NEW_TRANSPORT
broad_480_550,54,1166400.0,13.5,21600.0,1.049233510021882,1.0415801043453732,0.8811061237734871,0.6511747745022454,709.7334118485309,74.04543215257453,0.2592048043166125,0.007689204726999548,0.26689400904361205,0.0010683707313798932,0.07689359875545383,0.0038446023634997745,0.0807382011189536,0.0010683707313798932,0.06621285498441803,0.003308146219755622,0.06952100120417366,0.0010467100536812844,FIX5_L1_RATE_FOLD_FIX5_FULLSTAT_V2_EXACTPOS_M50000_S260613_NO_NEW_TRANSPORT
broad_480_550,55,1188000.0,13.75,21600.0,1.0523702793945824,1.0454225210424215,0.8742699771764703,0.6461225723909806,711.8552179172507,74.31858772040484,0.2599797182739643,0.00771757040766759,0.2676972886816319,0.0010600816743155791,0.07712347845642506,0.0038587852038337953,0.08098226366025886,0.0010600816743155791,0.06641080372853492,0.0033203500591128025,0.06973115378764771,0.001038589053067996,FIX5_L1_RATE_FOLD_FIX5_FULLSTAT_V2_EXACTPOS_M50000_S260613_NO_NEW_TRANSPORT
broad_480_550,56,1209600.0,14.0,21600.0,1.0492751993617002,1.0434818948892741,0.8811061237734871,0.6511747745022454,709.761611784107,74.18062953403309,0.25921510333686537,0.007703244220245357,0.26691834755711075,0.0010683707313798932,0.07689665397942233,0.003851622110122679,0.080748276089545,0.0010683707313798932,0.06621548582892063,0.003314186466849749,0.06952967229577038,0.0010467100536812844,FIX5_L1_RATE_FOLD_FIX5_FULLSTAT_V2_EXACTPOS_M50000_S260613_NO_NEW_TRANSPORT
broad_480_550,57,1231200.0,14.25,21600.0,1.0406127203433313,1.0362851287658708,0.9005490103995393,0.6655438918795831,703.9020478928956,73.669014867542,0.25707510670369815,0.007650115893519145,0.2647252225972173,0.0010919458836167783,0.07626181990340039,0.003825057946759573,0.08008687785015996,0.0010919458836167783,0.06566883204635429,0.003291328930932658,0.06896016097728695,0.0010698072315977393,FIX5_L1_RATE_FOLD_FIX5_FULLSTAT_V2_EXACTPOS_M50000_S260613_NO_NEW_TRANSPORT
broad_480_550,58,1252800.0,14.5,21600.0,1.0281096311429625,1.0253581913473069,0.9296510660150816,0.6870515445807625,695.4445786336081,72.89222410523169,0.253986317832032,0.00756945050974316,0.2615557683417752,0.001127233102265855,0.07534552480322125,0.0037847252548715805,0.07913025005809284,0.001127233102265855,0.06487981299180275,0.0032566240565174084,0.06813643704832015,0.0011043790196873782,FIX5_L1_RATE_FOLD_FIX5_FULLSTAT_V2_EXACTPOS_M50000_S260613_NO_NEW_TRANSPORT
broad_480_550,59,1274400.0,14.75,21600.0,1.0139209066032777,1.0126589980260685,0.9642708909886071,0.7126370627291281,685.8468944373424,71.98944451724103,0.25048110613922725,0.007475701889826772,0.257956808029054,0.0011692108013525518,0.07430569708023571,0.0037378509449133863,0.0780435480251491,0.0011692108013525518,0.06398442035385658,0.00321629034794873,0.06720071070180532,0.0011455056420984048,FIX5_L1_RATE_FOLD_FIX5_FULLSTAT_V2_EXACTPOS_M50000_S260613_NO_NEW_TRANSPORT
broad_480_550,60,1296000.0,15.0,21600.0,1.0,1.0,1.0,0.7390423888027,676.4303704270075,71.08952239358646,0.2470420567402644,0.007382250001628216,0.2544243067418926,0.0012125335445455918,0.07328549652769878,0.0036911250008141083,0.07697662152851288,0.0012125335445455918,0.06310592861548728,0.003176084303026095,0.06628201291851338,0.0011879500385249511,FIX5_L1_RATE_FOLD_FIX5_FULLSTAT_V2_EXACTPOS_M50000_S260613_NO_NEW_TRANSPORT
broad_480_550,61,1317600.0,15.25,21600.0,0.9877417154586623,0.9887088647903968,1.033008816969226,0.7634373037471879,668.1384944739108,70.28684098425437,0.24401374491506495,0.007298896018708738,0.2513126409337737,0.001252557842386544,0.07238714205850903,0.0036494480093543693,0.0760365900678634,0.001252557842386544,0.06233235818627329,0.003140222705723529,0.06547258089199683,0.0012271628639152063,FIX5_L1_RATE_FOLD_FIX5_FULLSTAT_V2_EXACTPOS_M50000_S260613_NO_NEW_TRANSPORT
broad_480_550,62,1339200.0,15.5,21600.0,0.9779344795680064,0.979568708006804,1.0605306589851686,0.7837771116149006,661.5045822675294,69.63707160390625,0.24159094518970037,0.007231421096278177,0.24882236628597854,0.0012859289990385587,0.07166841390669805,0.003615710548139089,0.07528412445483713,0.0012859289990385587,0.061713463458242315,0.0031111927972359626,0.06482465625547827,0.001259857437198323,FIX5_L1_RATE_FOLD_FIX5_FULLSTAT_V2_EXACTPOS_M50000_S260613_NO_NEW_TRANSPORT
broad_480_550,63,1360800.0,15.75,21600.0,0.9709049942181031,0.9729374577419063,1.0809072123607733,0.7988362482971733,656.749624888383,69.16565918970234,0.23985436667103469,0.00718246754899934,0.24703683422003403,0.001310636253528703,0.07115325458249619,0.0035912337744996702,0.07474448835699586,0.001310636253528703,0.0612698612575477,0.0030901313873601833,0.06435999264490788,0.001284063764565878,FIX5_L1_RATE_FOLD_FIX5_FULLSTAT_V2_EXACTPOS_M50000_S260613_NO_NEW_TRANSPORT
broad_480_550,64,1382400.0,16.0,21600.0,0.9667176491118507,0.9689231620772761,1.093330335569814,0.808017462949973,653.9171774870549,68.88028482815713,0.2388199163237048,0.0071528330148225875,0.2459727493385274,0.001325699707147688,0.07084638291725166,0.003576416507411294,0.07442279942466296,0.001325699707147688,0.061005614956184125,0.0030773816459120458,0.06408299660209617,0.0012988218142606584,FIX5_L1_RATE_FOLD_FIX5_FULLSTAT_V2_EXACTPOS_M50000_S260613_NO_NEW_TRANSPORT
broad_480_550,65,1404000.0,16.25,21600.0,0.9653420850236281,0.9675354572711334,1.0974945300661616,0.8110949791979928,652.9867041613124,68.78163355626516,0.23848009414217225,0.007142588631015181,0.24562268277318744,0.0013307489326605214,0.0707455740200406,0.003571294315507591,0.0743168683355482,0.0013307489326605214,0.06091880870702672,0.003072974178460022,0.06399178288548674,0.0013037686692730199,FIX5_L1_RATE_FOLD_FIX5_FULLSTAT_V2_EXACTPOS_M50000_S260613_NO_NEW_TRANSPORT
broad_480_550,66,1425600.0,16.5,21600.0,0.9667561431028935,0.968781286158576,1.093330335569814,0.808017462949973,653.9432159916753,68.87019893685758,0.23882942595842416,0.007151785651321532,0.24598121160974568,0.001325699707147688,0.07084920396849856,0.0035758928256607665,0.07442509679415933,0.001325699707147688,0.061008044155235,0.003076931036033685,0.06408497519126868,0.0012988218142606584,FIX5_L1_RATE_FOLD_FIX5_FULLSTAT_V2_EXACTPOS_M50000_S260613_NO_NEW_TRANSPORT
broad_480_550,67,1447200.0,16.75,21600.0,0.9709797864911349,0.9726988904058543,1.0809072123607733,0.7988362482971733,656.800216653335,69.14869955172368,0.23987284350799276,0.007180706385282382,0.24705354989327513,0.001310636253528703,0.07115873577136177,0.0035903531926411913,0.07474908896400295,0.001310636253528703,0.06127458109339064,0.003089373677388934,0.06436395477077957,0.001284063764565878,FIX5_L1_RATE_FOLD_FIX5_FULLSTAT_V2_EXACTPOS_M50000_S260613_NO_NEW_TRANSPORT
broad_480_550,68,1468800.0,17.0,21600.0,0.9780412571920137,0.9793297963451881,1.0605306589851686,0.7837771116149006,661.5768098952899,69.62008748798772,0.24161732375354897,0.0072296573906638255,0.2488469811442128,0.0012859289990385587,0.07167623915789147,0.003614828695331913,0.07529106785322338,0.0012859289990385587,0.06172020175936065,0.0031104339936576944,0.06483063575301835,0.001259857437198323,FIX5_L1_RATE_FOLD_FIX5_FULLSTAT_V2_EXACTPOS_M50000_S260613_NO_NEW_TRANSPORT
broad_480_550,69,1490400.0,17.25,21600.0,0.9878741877345425,0.9886266179151048,1.033008816969226,0.7634373037471879,668.2281027445557,70.28099409317149,0.24404647113855943,0.007298288851713479,0.2513447599902729,0.001252557842386544,0.07239685035502307,0.00364914442585674,0.07604599478087981,0.001252557842386544,0.062340717972258514,0.003139961482713941,0.06548067945497245,0.0012271628639152063,FIX5_L1_RATE_FOLD_FIX5_FULLSTAT_V2_EXACTPOS_M50000_S260613_NO_NEW_TRANSPORT
broad_480_550,70,1512000.0,17.5,21600.0,1.0001500779374484,1.0002998866046175,1.0,0.7390423888027,676.5318877018286,71.11084118908096,0.24707913230260298,0.007384463839515642,0.2544635961421186,0.0012125335445455918,0.07329649506386253,0.0036922319197578214,0.07698872698362035,0.0012125335445455918,0.06311539942309466,0.0031770367681637087,0.06629243619125837,0.0011879500385249511,FIX5_L1_RATE_FOLD_FIX5_FULLSTAT_V2_EXACTPOS_M50000_S260613_NO_NEW_TRANSPORT
broad_480_550,71,1533600.0,17.75,21600.0,1.0140789254943228,1.0136331519916244,0.9642708909886073,0.7126370627291283,685.9537832143465,72.05869665739021,0.2505201434510748,0.007482893337940583,0.25800303678901537,0.001169210801352552,0.0743172775731267,0.0037414466689702918,0.07805872424209699,0.001169210801352552,0.06399439228271478,0.0032193843430674625,0.06721377662578225,0.001145505642098405,FIX5_L1_RATE_FOLD_FIX5_FULLSTAT_V2_EXACTPOS_M50000_S260613_NO_NEW_TRANSPORT
broad_480_550,72,1555200.0,18.0,21600.0,1.0282646729193077,1.0273452559503897,0.9296510660150816,0.6870515445807625,695.549453599813,73.03348357883004,0.254024619671341,0.007584119517412505,0.2616087391887535,0.001127233102265855,0.07535688711678325,0.0037920597587062527,0.0791489468754895,0.001127233102265855,0.0648895970470732,0.003262935141212359,0.06815253218828556,0.0011043790196873782,FIX5_L1_RATE_FOLD_FIX5_FULLSTAT_V2_EXACTPOS_M50000_S260613_NO_NEW_TRANSPORT
broad_480_550,73,1576800.0,18.25,21600.0,1.0407531463763122,1.0396265748872864,0.9005490103995397,0.6655438918795834,703.9970363264024,73.90655667641734,0.2571097978397056,0.007674783284154406,0.26478458112386,0.001091945883616779,0.07627211109495281,0.0038373916420772034,0.08010950273703002,0.001091945883616779,0.06567769376156735,0.0033019416455082936,0.06897963540707563,0.0010698072315977398,FIX5_L1_RATE_FOLD_FIX5_FULLSTAT_V2_EXACTPOS_M50000_S260613_NO_NEW_TRANSPORT
broad_480_550,74,1598400.0,18.5,21600.0,1.0493894918360789,1.0484593578578318,0.8811061237734871,0.6511747745022454,709.838922684888,74.53447499919962,0.2592433383848058,0.007739989096253097,0.2669833274810589,0.0010683707313798932,0.07690502996015655,0.0038699945481265492,0.0807750245082831,0.0010683707313798932,0.06622269836165007,0.003329995308853079,0.06955269367050315,0.0010467100536812844,FIX5_L1_RATE_FOLD_FIX5_FULLSTAT_V2_EXACTPOS_M50000_S260613_NO_NEW_TRANSPORT
broad_480_550,75,1620000.0,18.75,21600.0,1.0524481545725202,1.0521935679921557,0.8742699771764703,0.6461225723909806,711.9078950527103,74.79993821416599,0.2599989567180911,0.007767555969023289,0.2677665126871144,0.0010600816743155791,0.07712918557750742,0.003883777984511645,0.08101296356201906,0.0010600816743155791,0.06641571811395477,0.003341855475044906,0.06975757358899969,0.001038589053067996,FIX5_L1_RATE_FOLD_FIX5_FULLSTAT_V2_EXACTPOS_M50000_S260613_NO_NEW_TRANSPORT
broad_480_550,76,1641600.0,19.0,21600.0,1.0492670593934834,1.0501372826367767,0.8811061237734871,0.6511747745022454,709.7561056623908,74.65375787034718,0.2592130924223753,0.007752375956455195,0.26696546837883045,0.0010683707313798932,0.07689605743780983,0.003876187978227598,0.08077224541603743,0.0010683707313798932,0.06621497214866741,0.0033353245394051444,0.06955029668807255,0.0010467100536812844,FIX5_L1_RATE_FOLD_FIX5_FULLSTAT_V2_EXACTPOS_M50000_S260613_NO_NEW_TRANSPORT
broad_480_550,77,1663200.0,19.25,21600.0,1.04051723050784,1.0428234899168778,0.9005490103995393,0.6655438918795831,703.8374556681022,74.13382383900387,0.2570515166983406,0.007698383710136813,0.2647499004084774,0.0010919458836167783,0.07625482188339307,0.0038491918550684068,0.08010401373846147,0.0010919458836167783,0.06566280607161228,0.003312095317151887,0.06897490138876416,0.0010698072315977393,FIX5_L1_RATE_FOLD_FIX5_FULLSTAT_V2_EXACTPOS_M50000_S260613_NO_NEW_TRANSPORT
broad_480_550,78,1684800.0,19.5,21600.0,1.0279317891618944,1.03178410328728,0.9296510660150816,0.6870515445807625,695.3242809164768,73.34903911598762,0.2539423833832542,0.00761688819817249,0.26155927158142667,0.001127233102265855,0.07533249156533521,0.0038084440990862455,0.07914093566442146,0.001127233102265855,0.06486859010844064,0.0032770332945625856,0.06814562340300322,0.0011043790196873782,FIX5_L1_RATE_FOLD_FIX5_FULLSTAT_V2_EXACTPOS_M50000_S260613_NO_NEW_TRANSPORT
broad_480_550,79,1706400.0,19.75,21600.0,1.0136710202908492,1.0189821065217928,0.9642708909886071,0.7126370627291281,685.6778637464618,72.4389512802449,0.25041937371065365,0.0075223806575296275,0.2579417543681833,0.0011692108013525518,0.07428738403775391,0.003761190328764814,0.07804857436651873,0.0011692108013525518,0.06396865104606249,0.0032363730735883306,0.06720502411965082,0.0011455056420984048,FIX5_L1_RATE_FOLD_FIX5_FULLSTAT_V2_EXACTPOS_M50000_S260613_NO_NEW_TRANSPORT
broad_480_550,80,1728000.0,20.0,10800.0,0.9996924039195548,1.0071030902932738,1.0,0.7390423888027,676.2223030963701,71.59447769005382,0.24696606757190598,0.007434686789957302,0.25440075436186327,0.0012125335445455918,0.07326295419621338,0.0037173433949786515,0.07698029759119203,0.0012125335445455918,0.0630865174791923,0.003198644316609539,0.06628516179580185,0.0011879500385249511,FIX5_L1_RATE_FOLD_FIX5_FULLSTAT_V2_EXACTPOS_M50000_S260613_NO_NEW_TRANSPORT
w2_510p58_511p42,0,0.0,0.0,10800.0,0.9995980883233027,0.8437640406750008,1.0,0.7390423888027,676.1585051626602,59.982782664468466,0.11872363357833529,0.003911155382499188,0.12263478896083448,0.001210139047205871,0.04069594032534652,0.0023901505115272816,0.0430860908368738,0.001210139047205871,0.03662629657468965,0.0021728641013884385,0.03879916067607809,0.00118587480749719,FIX5_L1_RATE_FOLD_FIX5_FULLSTAT_V2_EXACTPOS_M50000_S260613_NO_NEW_TRANSPORT
w2_510p58_511p42,1,21600.0,0.25,21600.0,0.987358392119787,0.9092786648335347,1.033008816969226,0.7634373037471879,667.879202925802,64.64018600569396,0.11726990810191529,0.004214839662176566,0.12148474776409185,0.001250084305522403,0.040197634103958935,0.0025757353491079014,0.04277336945306684,0.001250084305522403,0.03617782158422021,0.002341577590098093,0.038519399174318306,0.0012250191319662807,FIX5_L1_RATE_FOLD_FIX5_FULLSTAT_V2_EXACTPOS_M50000_S260613_NO_NEW_TRANSPORT
w2_510p58_511p42,2,43200.0,0.5,21600.0,0.9775859608713237,0.9139540691421809,1.0605306589851686,0.7837771116149006,661.2688336364315,64.97255826499254,0.11610922306233286,0.004236511873654663,0.12034573493598752,0.0012833895611969264,0.03979977592118859,0.0025889794783445154,0.04238875539953311,0.0012833895611969264,0.03581974970578919,0.002353617707585924,0.03817336741337511,0.0012576565910689048,FIX5_L1_RATE_FOLD_FIX5_FULLSTAT_V2_EXACTPOS_M50000_S260613_NO_NEW_TRANSPORT
w2_510p58_511p42,3,64800.0,0.75,21600.0,0.9706063435772849,0.9175537439534621,1.0809072123607733,0.7988362482971733,656.5476085247861,65.22845742809875,0.11528024435997819,0.004253197684894172,0.11953344204487236,0.00130804802408422,0.03951561962656382,0.002599176362990883,0.0421147959895547,0.00130804802408422,0.035564009387779885,0.002362887602718985,0.03792689699049887,0.0012818206323806562,FIX5_L1_RATE_FOLD_FIX5_FULLSTAT_V2_EXACTPOS_M50000_S260613_NO_NEW_TRANSPORT
w2_510p58_511p42,4,86400.0,1.0,21600.0,0.9664823980807905,0.9211763230359319,1.093330335569814,0.808017462949973,653.7580465449716,65.48598484490452,0.11479043770694218,0.00426998966582002,0.1190604273727622,0.00132308173056773,0.03934772430764436,0.002609438129112234,0.041957162436756595,0.00132308173056773,0.03541290380586964,0.0023722164810111223,0.03778512028688076,0.0012965529012246913,FIX5_L1_RATE_FOLD_FIX5_FULLSTAT_V2_EXACTPOS_M50000_S260613_NO_NEW_TRANSPORT
w2_510p58_511p42,5,108000.0,1.25,21600.0,0.9651818096122368,0.9255257843355935,1.0974945300661616,0.8110949791979928,652.8782890054147,65.79518597136685,0.11463596503379432,0.004290151012065037,0.11892611604585936,0.00132812098492792,0.03929477435573631,0.0026217589518175224,0.041916533307553835,0.00132812098492792,0.03536524891384121,0.002383417228925021,0.037748666142766236,0.0013014911145714284,FIX5_L1_RATE_FOLD_FIX5_FULLSTAT_V2_EXACTPOS_M50000_S260613_NO_NEW_TRANSPORT
w2_510p58_511p42,6,129600.0,1.5,21600.0,0.9666800367242471,0.931114088734902,1.093330335569814,0.808017462949973,653.8917353257756,66.19245586210367,0.1148139115192281,0.0043160548498404816,0.11912996636906857,0.00132308173056773,0.03935577063199616,0.0026375890749025166,0.04199335970689868,0.00132308173056773,0.03542014548795609,0.0023978082499113793,0.03781795373786747,0.0012965529012246913,FIX5_L1_RATE_FOLD_FIX5_FULLSTAT_V2_EXACTPOS_M50000_S260613_NO_NEW_TRANSPORT
w2_510p58_511p42,7,151200.0,1.75,21600.0,0.9709942780162459,0.9383469560579438,1.0809072123607733,0.7988362482971733,656.8100191610339,66.7066369456349,0.11532631986444507,0.0043495818391380905,0.11967590170358317,0.00130804802408422,0.03953141333101616,0.0026580777905843883,0.04218949112160055,0.00130804802408422,0.03557822370249186,0.0024164343550767175,0.03799465805756858,0.0012818206323806562,FIX5_L1_RATE_FOLD_FIX5_FULLSTAT_V2_EXACTPOS_M50000_S260613_NO_NEW_TRANSPORT
w2_510p58_511p42,8,172800.0,2.0,21600.0,0.9781496956660047,0.9475333996730785,1.0605306589851682,0.7837771116149004,661.6501609724202,67.35969683473043,0.11617617861575068,0.004392164370105653,0.12056834298585634,0.001283389561196926,0.03982272686300376,0.002684100448397899,0.04250682731140166,0.001283389561196926,0.035840405525383735,0.0024400913167253635,0.0382804968421091,0.0012576565910689043,FIX5_L1_RATE_FOLD_FIX5_FULLSTAT_V2_EXACTPOS_M50000_S260613_NO_NEW_TRANSPORT
w2_510p58_511p42,9,194400.0,2.25,21600.0,0.9880765706559972,0.9588207454738741,1.0330088169692258,0.7634373037471877,668.3650006990833,68.16210885680024,0.11735520714997555,0.0044444853522224,0.12179969250219795,0.0012500843055224028,0.04022687280618732,0.0027160743819136892,0.04294294718810101,0.0012500843055224028,0.03620413638050492,0.0024691585290124453,0.03867329490951736,0.0012250191319662805,FIX5_L1_RATE_FOLD_FIX5_FULLSTAT_V2_EXACTPOS_M50000_S260613_NO_NEW_TRANSPORT
w2_510p58_511p42,10,216000.0,2.5,21600.0,1.0004427595978038,0.9720611564612254,1.0,0.7390423888027,676.72986646576,69.10336335018583,0.11882395634211351,0.0045058595068477305,0.12332981584896124,0.001210139047205871,0.040730328838273044,0.0027535808097402794,0.043483909648013325,0.001210139047205871,0.03665724619431117,0.002503255281582073,0.03916050147589324,0.00118587480749719,FIX5_L1_RATE_FOLD_FIX5_FULLSTAT_V2_EXACTPOS_M50000_S260613_NO_NEW_TRANSPORT
w2_510p58_511p42,11,237600.0,2.75,21600.0,1.0144542423095344,0.9866409653501947,0.9642708909886071,0.7126370627291281,686.2076589066876,70.13983500069243,0.12048811932800615,0.004573442261341846,0.125061561589348,0.0011669018572693093,0.041300768568967874,0.002794881381931128,0.044095649950899,0.0011669018572693093,0.03717064125503181,0.0025408012563010265,0.03971144251133284,0.0011435045572262582,FIX5_L1_RATE_FOLD_FIX5_FULLSTAT_V2_EXACTPOS_M50000_S260613_NO_NEW_TRANSPORT
w2_510p58_511p42,12,259200.0,3.0,21600.0,1.0287105093605544,1.001353285709559,0.9296510660150816,0.6870515445807625,695.8510309089154,71.18572682834109,0.12218135568502965,0.0046416392550375565,0.1268229949400672,0.0011250070552614132,0.041881174033871954,0.002836557322522951,0.0447177313563949,0.0011250070552614132,0.03769300546436567,0.0025786884750208655,0.04027169393938654,0.0011024497789501922,FIX5_L1_RATE_FOLD_FIX5_FULLSTAT_V2_EXACTPOS_M50000_S260613_NO_NEW_TRANSPORT
w2_510p58_511p42,13,280800.0,3.25,21600.0,1.0412526482439335,1.0144419409558025,0.9005490103995397,0.6655438918795834,704.3349145597464,72.11619307857084,0.12367100269263505,0.004702309966217745,0.1283733126588528,0.001089789521407089,0.04239179339330506,0.002873633868244177,0.04526542726154924,0.001089789521407089,0.03815256226403315,0.0026123944256765254,0.040764956689709676,0.001067938384349339,FIX5_L1_RATE_FOLD_FIX5_FULLSTAT_V2_EXACTPOS_M50000_S260613_NO_NEW_TRANSPORT
w2_510p58_511p42,14,302400.0,3.5,21600.0,1.0499213172045039,1.0239277898516017,0.8811061237734871,0.6511747745022454,710.1986655158541,72.79053754607094,0.12470059237403686,0.004746280350327382,0.12944687272436423,0.0010662609251105059,0.04274471487128757,0.0029005046585333996,0.04564521952982097,0.0010662609251105059,0.03847019116305418,0.0026368224168485457,0.04110701357990273,0.0010448815549144793,FIX5_L1_RATE_FOLD_FIX5_FULLSTAT_V2_EXACTPOS_M50000_S260613_NO_NEW_TRANSPORT
w2_510p58_511p42,15,324000.0,3.75,21600.0,1.0529876305340695,1.028189406833528,0.8742699771764703,0.6461225723909806,712.2728129772175,73.09349386194047,0.12506478260651954,0.004766034505984071,0.1298308171125036,0.0010579882371810324,0.0428695515488848,0.002912576642545821,0.04578212819143062,0.0010579882371810324,0.03858254402037905,0.002647796947768929,0.041230340968147976,0.0010367747408847193,FIX5_L1_RATE_FOLD_FIX5_FULLSTAT_V2_EXACTPOS_M50000_S260613_NO_NEW_TRANSPORT
w2_510p58_511p42,16,345600.0,4.0,21600.0,1.049788246378433,1.0265572528141886,0.8811061237734871,0.6511747745022454,710.108652367682,72.97746481223287,0.1246847873698267,0.004758468874278908,0.1294432562441056,0.0010662609251105059,0.04273929725148609,0.0029079532009482216,0.04564725045243431,0.0010662609251105059,0.03846531531185154,0.0026435938190438385,0.04110890913089538,0.0010448815549144793,FIX5_L1_RATE_FOLD_FIX5_FULLSTAT_V2_EXACTPOS_M50000_S260613_NO_NEW_TRANSPORT
w2_510p58_511p42,17,367200.0,4.25,21600.0,1.0409953666214347,1.019582985377769,0.9005490103995397,0.6655438918795834,704.1608814565354,72.48166747113264,0.1236404450020664,0.0047261405901757834,0.12836658559224218,0.001089789521407089,0.042381318865914175,0.0028881970273296454,0.04526951589324382,0.001089789521407089,0.038143135202178054,0.002625633661208769,0.040768768863386824,0.001067938384349339,FIX5_L1_RATE_FOLD_FIX5_FULLSTAT_V2_EXACTPOS_M50000_S260613_NO_NEW_TRANSPORT
w2_510p58_511p42,18,388800.0,4.5,21600.0,1.0283453370546611,1.0088147045977518,0.9296510660150816,0.6870515445807625,695.6040172707703,71.71615553348119,0.12213798367027265,0.004676225664553528,0.12681420933482618,0.0011250070552614132,0.0418663070282797,0.0028576934616716004,0.0447240004899513,0.0011250070552614132,0.03767962517749563,0.0025979031469741828,0.04027752832446981,0.0011024497789501922,FIX5_L1_RATE_FOLD_FIX5_FULLSTAT_V2_EXACTPOS_M50000_S260613_NO_NEW_TRANSPORT
w2_510p58_511p42,19,410400.0,4.75,21600.0,1.0140028088714788,0.9962294341976983,0.9642708909886073,0.7126370627291283,685.9022956189605,70.82147467154725,0.12043450196047535,0.004617888326515278,0.12505239028699064,0.0011669018572693095,0.04128238967401941,0.002822042866203781,0.04410443254022319,0.0011669018572693095,0.03715410027203164,0.0025654935147307106,0.039719593786762354,0.0011435045572262585,FIX5_L1_RATE_FOLD_FIX5_FULLSTAT_V2_EXACTPOS_M50000_S260613_NO_NEW_TRANSPORT
w2_510p58_511p42,20,432000.0,5.0,21600.0,0.999929891698667,0.9836554768955248,1.0,0.7390423888027,676.3829470427668,69.92759805233838,0.11876304231952535,0.004559603428829465,0.12332264574835482,0.001210139047205871,0.040709448804925774,0.002786424317618006,0.04349587312254378,0.001210139047205871,0.03663845418980771,0.00253311301601637,0.039171567205824084,0.00118587480749719,FIX5_L1_RATE_FOLD_FIX5_FULLSTAT_V2_EXACTPOS_M50000_S260613_NO_NEW_TRANSPORT
w2_510p58_511p42,21,453600.0,5.25,21600.0,0.9875286583143214,0.9724333323087005,1.033008816969226,0.7634373037471879,667.9943761508421,69.12982115342928,0.11729013085096493,0.004507584678221381,0.1217977155291863,0.001250084305522403,0.0402045660328743,0.0027546350811352882,0.04295920111400959,0.001250084305522403,0.036184060311775325,0.0025042137101229903,0.03868827402189832,0.0012250191319662807,FIX5_L1_RATE_FOLD_FIX5_FULLSTAT_V2_EXACTPOS_M50000_S260613_NO_NEW_TRANSPORT
w2_510p58_511p42,22,475200.0,5.5,21600.0,0.9775935432010111,0.9633564615278272,1.0605306589851686,0.7837771116149006,661.2739625545107,68.48455074478869,0.1161101236260114,0.004465510057474967,0.12057563368348637,0.0012833895611969264,0.039800084615292844,0.0027289228129013686,0.04252900742819421,0.0012833895611969264,0.03582002753010589,0.0024808389208194268,0.038300866450925314,0.0012576565910689048,FIX5_L1_RATE_FOLD_FIX5_FULLSTAT_V2_EXACTPOS_M50000_S260613_NO_NEW_TRANSPORT
w2_510p58_511p42,23,496800.0,5.75,21600.0,0.9704562295148899,0.9567911768151887,1.0809072123607733,0.7988362482971733,656.446066813954,68.0178277901893,0.11526241510725459,0.004435077558098799,0.11969749266535339,0.00130804802408422,0.03950950813735972,0.00271032517439371,0.04221983331175343,0.00130804802408422,0.035558509054962585,0.002463931976721555,0.03802244103168414,0.0012818206323806562,FIX5_L1_RATE_FOLD_FIX5_FULLSTAT_V2_EXACTPOS_M50000_S260613_NO_NEW_TRANSPORT
w2_510p58_511p42,24,518400.0,6.0,21600.0,0.9661851811290609,0.9528522940489341,1.093330335569814,0.808017462949973,653.556999972216,67.73781449557194,0.11475513684264221,0.004416819393742866,0.11917195623638507,0.00132308173056773,0.03933562392102642,0.002699167407287307,0.042034791328313725,0.00132308173056773,0.0354020134726965,0.0024537885520793707,0.03785580202477588,0.0012965529012246913,FIX5_L1_RATE_FOLD_FIX5_FULLSTAT_V2_EXACTPOS_M50000_S260613_NO_NEW_TRANSPORT
w2_510p58_511p42,25,540000.0,6.25,21600.0,0.9647531838829096,0.9515547584949924,1.0974945300661616,0.8110949791979928,652.5883535445514,67.64557331275353,0.11458505656905703,0.004410804841188904,0.11899586141024593,0.00132812098492792,0.03927732401513806,0.002695491847393219,0.04197281586253128,0.00132812098492792,0.03534954362862182,0.002450447133993836,0.03779999076261566,0.0013014911145714284,FIX5_L1_RATE_FOLD_FIX5_FULLSTAT_V2_EXACTPOS_M50000_S260613_NO_NEW_TRANSPORT
w2_510p58_511p42,26,561600.0,6.5,21600.0,0.9661402051286938,0.9529094133581447,1.093330335569814,0.808017462949973,653.5265768396273,67.74187507998317,0.11474979498149844,0.0044170841626627235,0.11916687914416116,0.00132308173056773,0.039333792844468356,0.0026993292105161083,0.04203312205498447,0.00132308173056773,0.03540036550603127,0.0024539356459237355,0.037854301151955004,0.0012965529012246913,FIX5_L1_RATE_FOLD_FIX5_FULLSTAT_V2_EXACTPOS_M50000_S260613_NO_NEW_TRANSPORT
w2_510p58_511p42,27,583200.0,6.75,21600.0,0.9703672420821688,0.9569570222953936,1.0809072123607733,0.7988362482971731,656.3858730118751,68.0296176661682,0.11525184594803063,0.004435846312645446,0.11968769226067608,0.00130804802408422,0.039505885254028886,0.0027107949688388836,0.04221668022286777,0.00130804802408422,0.035555248464390905,0.002464359062580804,0.038019607526971706,0.0012818206323806562,FIX5_L1_RATE_FOLD_FIX5_FULLSTAT_V2_EXACTPOS_M50000_S260613_NO_NEW_TRANSPORT
w2_510p58_511p42,28,604800.0,7.0,21600.0,0.9774624688016657,0.9637403177908662,1.0605306589851686,0.7837771116149006,661.1852998500079,68.51183890319592,0.1160945557401369,0.004467289371853061,0.12056184511198996,0.0012833895611969264,0.039794748274621275,0.0027300101716879813,0.042524758446309256,0.0012833895611969264,0.035815224830020864,0.0024818274288072564,0.038297052258828124,0.0012576565910689048,FIX5_L1_RATE_FOLD_FIX5_FULLSTAT_V2_EXACTPOS_M50000_S260613_NO_NEW_TRANSPORT
w2_510p58_511p42,29,626400.0,7.25,21600.0,0.9873583921197872,0.9732118983135348,1.0330088169692258,0.7634373037471877,667.8792029258021,69.18516903886483,0.11726990810191529,0.004511193616827017,0.1217811017187423,0.0012500843055224028,0.040197634103958935,0.00275684054361651,0.042954474647575444,0.0012500843055224028,0.03617782158422022,0.0025062186760150098,0.03868404026023523,0.0012250191319662805,FIX5_L1_RATE_FOLD_FIX5_FULLSTAT_V2_EXACTPOS_M50000_S260613_NO_NEW_TRANSPORT
w2_510p58_511p42,30,648000.0,7.5,21600.0,0.9997243578041646,0.9850811268828586,1.0,0.7390423888027,676.2439176743732,70.02894682903838,0.11873863077746272,0.0045662118387079665,0.12330484261617068,0.001210139047205871,0.04070108104672054,0.002790462790321535,0.043491543837042075,0.001210139047205871,0.03663092321764586,0.0025367843548377597,0.03916770757248362,0.00118587480749719,FIX5_L1_RATE_FOLD_FIX5_FULLSTAT_V2_EXACTPOS_M50000_S260613_NO_NEW_TRANSPORT
w2_510p58_511p42,31,669600.0,7.75,21600.0,1.0137670880142324,0.998629179509298,0.9642708909886071,0.7126370627291281,685.742846872176,70.99207141961512,0.12040650507151628,0.004629012025013477,0.12503551709652974,0.0011669018572693093,0.04127279293503802,0.00282884068195268,0.0441016336169907,0.0011669018572693093,0.0371454632186727,0.00257167334722971,0.03971713656590241,0.0011435045572262582,FIX5_L1_RATE_FOLD_FIX5_FULLSTAT_V2_EXACTPOS_M50000_S260613_NO_NEW_TRANSPORT
w2_510p58_511p42,32,691200.0,8.0,21600.0,1.0280858399610087,1.0125710805551256,0.9296510660150816,0.6870515445807625,695.4284855555862,71.98319450622164,0.12210716284516171,0.004693637843001687,0.1268008006881634,0.0011250070552614132,0.04185574230395576,0.00286833423738992,0.04472407654134568,0.0011250070552614132,0.037670116938510974,0.002607576579445382,0.040277693517956355,0.0011024497789501922,FIX5_L1_RATE_FOLD_FIX5_FULLSTAT_V2_EXACTPOS_M50000_S260613_NO_NEW_TRANSPORT
w2_510p58_511p42,33,712800.0,8.25,21600.0,1.0407199502818862,1.025091598847317,0.9005490103995393,0.6655438918795831,703.9745814799531,72.8732721717337,0.12360773342632413,0.0047516750313025885,0.12835940845762672,0.0010897895214070884,0.04237010603242658,0.0029038014080182482,0.04527390744044483,0.0010897895214070884,0.03813304366573791,0.0026398194618347717,0.04077286312757268,0.0010679383843493386,FIX5_L1_RATE_FOLD_FIX5_FULLSTAT_V2_EXACTPOS_M50000_S260613_NO_NEW_TRANSPORT
w2_510p58_511p42,34,734400.0,8.5,21600.0,1.0495061053960668,1.0341654373123166,0.8811061237734871,0.6511747745022454,709.9178036384674,73.51832701448707,0.12465127709904972,0.0047937355961542505,0.12944501269520398,0.0010662609251105059,0.04272781064230203,0.0029295050865387083,0.045657315728840735,0.0010662609251105059,0.03845497737761904,0.0026631864423079174,0.04111816381992696,0.0010448815549144793,FIX5_L1_RATE_FOLD_FIX5_FULLSTAT_V2_EXACTPOS_M50000_S260613_NO_NEW_TRANSPORT
w2_510p58_511p42,35,756000.0,8.75,21600.0,1.0527088266232107,1.0381335328046801,0.8742699771764703,0.6461225723909806,712.0842215445189,73.80041702785134,0.12503166868429455,0.004812129172195738,0.12984379785649028,0.0010579882371810324,0.04285820079956733,0.0029407456052307286,0.045798946404798056,0.0010579882371810324,0.038572328359860505,0.002673405095664299,0.041245733455524805,0.0010367747408847193,FIX5_L1_RATE_FOLD_FIX5_FULLSTAT_V2_EXACTPOS_M50000_S260613_NO_NEW_TRANSPORT
w2_510p58_511p42,36,777600.0,9.0,21600.0,1.0496559769276872,1.0362946708706633,0.8811061237734871,0.6511747745022454,710.0191812941179,73.66969321121434,0.12466907754606116,0.004803605373593051,0.12947268291965422,0.0010662609251105059,0.04273391225751972,0.002935536617195753,0.045669448874715475,0.0010662609251105059,0.03846046882386064,0.00266866965199614,0.04112913847585678,0.0010448815549144793,FIX5_L1_RATE_FOLD_FIX5_FULLSTAT_V2_EXACTPOS_M50000_S260613_NO_NEW_TRANSPORT
w2_510p58_511p42,37,799200.0,9.25,21600.0,1.0410100687982264,1.0291738481935366,0.9005490103995397,0.6655438918795834,704.1708264554288,73.16347732804797,0.12364219119973387,0.004770597752268983,0.12841278895200284,0.001089789521407089,0.04238191742539159,0.002915365293053267,0.04529728271844485,0.001089789521407089,0.03814367390497647,0.00265033208459388,0.04079400598957035,0.001067938384349339,FIX5_L1_RATE_FOLD_FIX5_FULLSTAT_V2_EXACTPOS_M50000_S260613_NO_NEW_TRANSPORT
w2_510p58_511p42,38,820800.0,9.5,21600.0,1.0284984848477248,1.0182974530707776,0.9296510660150821,0.6870515445807628,695.7076110891624,72.3902795934071,0.12215617324334148,0.004720181677067987,0.12687635492040947,0.0011250070552614136,0.04187254202764623,0.002884555469319325,0.044757097496965555,0.0011250070552614136,0.03768523666930822,0.00262232315392666,0.040307559823234876,0.001102449778950193,FIX5_L1_RATE_FOLD_FIX5_FULLSTAT_V2_EXACTPOS_M50000_S260613_NO_NEW_TRANSPORT
w2_510p58_511p42,39,842400.0,9.75,21600.0,1.0142787846779275,1.0056256900282192,0.9642708909886073,0.7126370627291283,686.0889740359455,71.48945001082693,0.1204672799848674,0.004661443413951194,0.1251287233988186,0.0011669018572693095,0.04129362528469301,0.002848659864081285,0.044142285148774295,0.0011669018572693095,0.03716421230791137,0.0025896907855284417,0.03975390309343981,0.0011435045572262585,FIX5_L1_RATE_FOLD_FIX5_FULLSTAT_V2_EXACTPOS_M50000_S260613_NO_NEW_TRANSPORT
w2_510p58_511p42,40,864000.0,10.0,21600.0,1.0003081648222838,0.9929744277187782,1.0,0.7390423888027,676.6388224718975,70.59007781557278,0.11880797033634073,0.0046028001792414105,0.12341077051558214,0.001210139047205871,0.04072484917497972,0.0028128223317586396,0.04353767150673836,0.001210139047205871,0.03665231450404167,0.002557111210689673,0.03920942571473134,0.00118587480749719,FIX5_L1_RATE_FOLD_FIX5_FULLSTAT_V2_EXACTPOS_M50000_S260613_NO_NEW_TRANSPORT
w2_510p58_511p42,41,885600.0,10.25,21600.0,0.9879856499598924,0.9816752568785648,1.033008816969226,0.7634373037471879,668.3034991789377,69.78682515709848,0.11734440837441251,0.0045504243837356856,0.12189483275814819,0.001250084305522403,0.04022317121525168,0.0027808149011718073,0.04300398611642349,0.001250084305522403,0.03620080495318507,0.002528013546519826,0.038728818499704894,0.0012250191319662807,FIX5_L1_RATE_FOLD_FIX5_FULLSTAT_V2_EXACTPOS_M50000_S260613_NO_NEW_TRANSPORT
w2_510p58_511p42,42,907200.0,10.5,21600.0,0.9781040064245028,0.9725153830815843,1.0605306589851686,0.7837771116149006,661.6192553818665,69.1356541036856,0.11617075204198077,0.004507965013607262,0.12067871705558803,0.0012833895611969264,0.03982086674875645,0.0027548675083155488,0.042575734257072,0.0012833895611969264,0.03583873142483365,0.0025044250075595903,0.03834315643239324,0.0012576565910689048,FIX5_L1_RATE_FOLD_FIX5_FULLSTAT_V2_EXACTPOS_M50000_S260613_NO_NEW_TRANSPORT
w2_510p58_511p42,43,928800.0,10.75,21600.0,0.9709942780162459,0.965856869897636,1.0809072123607733,0.7988362482971733,656.8100191610339,68.66230358158732,0.11532631986444507,0.00447710036611884,0.11980342023056391,0.00130804802408422,0.03953141333101616,0.002736005779294846,0.042267419110311004,0.00130804802408422,0.03557822370249186,0.0024872779811771334,0.038065501683669,0.0012818206323806562,FIX5_L1_RATE_FOLD_FIX5_FULLSTAT_V2_EXACTPOS_M50000_S260613_NO_NEW_TRANSPORT
w2_510p58_511p42,44,950400.0,11.0,21600.0,0.9667251637352755,0.9618119028621668,1.093330335569814,0.808017462949973,653.9222606065618,68.37474880693802,0.11481927131611487,0.004458350462318541,0.11927762177843342,0.00132308173056773,0.03935760785654604,0.0027245475047502194,0.04208215536129626,0.00132308173056773,0.035421798987806445,0.0024768613679547456,0.03789866035576119,0.0012965529012246913,FIX5_L1_RATE_FOLD_FIX5_FULLSTAT_V2_EXACTPOS_M50000_S260613_NO_NEW_TRANSPORT
w2_510p58_511p42,45,972000.0,11.25,21600.0,0.9652705221271379,0.9603941952662126,1.0974945300661616,0.8110949791979928,652.9382968447308,68.27396465104788,0.11464650154065241,0.004451778868333225,0.11909828040898564,0.00132812098492792,0.03929838604652954,0.0027205315306480815,0.04201891757717762,0.00132812098492792,0.03536849943114272,0.0024732104824073476,0.03784170991355007,0.0013014911145714284,FIX5_L1_RATE_FOLD_FIX5_FULLSTAT_V2_EXACTPOS_M50000_S260613_NO_NEW_TRANSPORT
w2_510p58_511p42,46,993600.0,11.5,21600.0,0.966612210933815,0.9616145994936341,1.093330335569814,0.808017462949973,653.8458559012291,68.36072260470239,0.11480585575723286,0.004457435888937097,0.11926329164616996,0.00132308173056773,0.03935300928785977,0.002723988598794892,0.042076997886654664,0.00132308173056773,0.03541766028160686,0.0024763532716317207,0.03789401355323858,0.0012965529012246913,FIX5_L1_RATE_FOLD_FIX5_FULLSTAT_V2_EXACTPOS_M50000_S260613_NO_NEW_TRANSPORT
w2_510p58_511p42,47,1015200.0,11.75,21600.0,0.970773873295277,0.9655149688216506,1.0809072123607733,0.7988362482971731,656.6609307139851,68.63799799738966,0.11530014209396218,0.004475515529400089,0.11977565762336227,0.00130804802408422,0.039522440147216835,0.002735037267966721,0.042257477415183556,0.00130804802408422,0.035570147848034986,0.0024863975163333836,0.038056545364368366,0.0012818206323806562,FIX5_L1_RATE_FOLD_FIX5_FULLSTAT_V2_EXACTPOS_M50000_S260613_NO_NEW_TRANSPORT
w2_510p58_511p42,48,1036800.0,12.0,21600.0,0.9777869738927284,0.9721400257167051,1.0605306589851686,0.7837771116149006,661.404804948961,69.10897012788942,0.1161330976541078,0.004506225094735117,0.12063932274884291,0.0012833895611969264,0.03980795962423811,0.002753804224560349,0.04256176384879846,0.0012833895611969264,0.03582711502853575,0.0025034583859639544,0.038330573414499705,0.0012576565910689048,FIX5_L1_RATE_FOLD_FIX5_FULLSTAT_V2_EXACTPOS_M50000_S260613_NO_NEW_TRANSPORT
w2_510p58_511p42,49,1058400.0,12.25,21600.0,0.9875878323777326,0.9814450858487266,1.0330088169692258,0.7634373037471877,668.034403284475,69.77046240851844,0.11729715903549613,0.004549357456705319,0.12184651649220145,0.0012500843055224028,0.0402069751452781,0.002780162890208806,0.042987138035486906,0.0012500843055224028,0.03618622850999553,0.0025274208092807334,0.03871364931927627,0.0012250191319662805,FIX5_L1_RATE_FOLD_FIX5_FULLSTAT_V2_EXACTPOS_M50000_S260613_NO_NEW_TRANSPORT
w2_510p58_511p42,50,1080000.0,12.5,21600.0,0.9998500570813005,0.9931428418802024,1.0,0.7390423888027,676.3289444829686,70.60205029787275,0.1187535602527129,0.004603580840566367,0.12335714109327926,0.001210139047205871,0.04070619855378765,0.002813299402568335,0.043519497956355985,0.001210139047205871,0.03663552896775422,0.0025575449114257597,0.039193073879179974,0.00118587480749719,FIX5_L1_RATE_FOLD_FIX5_FULLSTAT_V2_EXACTPOS_M50000_S260613_NO_NEW_TRANSPORT
w2_510p58_511p42,51,1101600.0,12.75,21600.0,1.0137851103256195,1.006518398891934,0.9642708909886071,0.7126370627291281,685.7550377109434,71.55291225758494,0.12040864560611547,0.004665581446515997,0.12507422705263146,0.0011669018572693093,0.041273526664841326,0.0028511886617597756,0.0441247153266011,0.0011669018572693093,0.03714612357459929,0.0025919896925088877,0.039738113267108174,0.0011435045572262582,FIX5_L1_RATE_FOLD_FIX5_FULLSTAT_V2_EXACTPOS_M50000_S260613_NO_NEW_TRANSPORT
w2_510p58_511p42,52,1123200.0,13.0,21600.0,1.027997573109603,1.0202913776295381,0.9296510660150816,0.6870515445807625,695.3687791765934,72.53202673797823,0.12209667927036717,0.004729424247732713,0.1268261035180999,0.0011250070552614132,0.04185214875714982,0.002890203706947769,0.04474235246409759,0.0011250070552614132,0.03766688275077586,0.0026274579154070637,0.04029434066618292,0.0011024497789501922,FIX5_L1_RATE_FOLD_FIX5_FULLSTAT_V2_EXACTPOS_M50000_S260613_NO_NEW_TRANSPORT
w2_510p58_511p42,53,1144800.0,13.25,21600.0,1.0405327221713658,1.0326518207487163,0.9005490103995393,0.6655438918795831,703.8479346997995,73.41072473589371,0.12358549608728892,0.004786719428974348,0.12837221551626327,0.0010897895214070884,0.04236248354484685,0.002925217428817657,0.0452877009736645,0.0010897895214070884,0.038126183436228527,0.0026592885716524165,0.04078547200788094,0.0010679383843493386,FIX5_L1_RATE_FOLD_FIX5_FULLSTAT_V2_EXACTPOS_M50000_S260613_NO_NEW_TRANSPORT
w2_510p58_511p42,54,1166400.0,13.5,21600.0,1.049233510021882,1.0415801043453732,0.8811061237734871,0.6511747745022454,709.7334118485309,74.04543215257453,0.12461890057322607,0.004828105293697392,0.12944700586692345,0.0010662609251105059,0.042716712656811276,0.00295050879059285,0.04566722144740413,0.0010662609251105059,0.038444989204235745,0.002682280718720774,0.04112726992295652,0.0010448815549144793,FIX5_L1_RATE_FOLD_FIX5_FULLSTAT_V2_EXACTPOS_M50000_S260613_NO_NEW_TRANSPORT
w2_510p58_511p42,55,1188000.0,13.75,21600.0,1.0523702793945824,1.0454225210424215,0.8742699771764703,0.6461225723909806,711.8552179172507,74.31858772040484,0.12499145896641878,0.004845916302488953,0.12983737526890773,0.0010579882371810324,0.04284441776219009,0.0029613932959654705,0.045805811058155566,0.0010579882371810324,0.03855992364305969,0.0026921757236049743,0.041252099366664664,0.0010367747408847193,FIX5_L1_RATE_FOLD_FIX5_FULLSTAT_V2_EXACTPOS_M50000_S260613_NO_NEW_TRANSPORT
w2_510p58_511p42,56,1209600.0,14.0,21600.0,1.0492751993617002,1.0434818948892741,0.8811061237734871,0.6511747745022454,709.761611784107,74.18062953403309,0.12462385207319643,0.004836920789456388,0.1294607728626528,0.0010662609251105059,0.04271840992584897,0.0029558960380011256,0.045674305963850095,0.0010662609251105059,0.03844651674429612,0.0026871782163646607,0.04113369496066078,0.0010448815549144793,FIX5_L1_RATE_FOLD_FIX5_FULLSTAT_V2_EXACTPOS_M50000_S260613_NO_NEW_TRANSPORT
w2_510p58_511p42,57,1231200.0,14.25,21600.0,1.0406127203433313,1.0362851287658708,0.9005490103995393,0.6655438918795831,703.9020478928956,73.669014867542,0.12359499757970503,0.004803561142442255,0.12839855872214728,0.0010897895214070884,0.04236574045466938,0.0029355095870480445,0.04530125004171742,0.0010897895214070884,0.03812911465108985,0.0026686450791345863,0.04079775973022443,0.0010679383843493386,FIX5_L1_RATE_FOLD_FIX5_FULLSTAT_V2_EXACTPOS_M50000_S260613_NO_NEW_TRANSPORT
w2_510p58_511p42,58,1252800.0,14.5,21600.0,1.0281096311429625,1.0253581913473069,0.9296510660150816,0.6870515445807625,695.4445786336081,72.89222410523169,0.12210998855641673,0.004752910785187567,0.1268628993416043,0.0011250070552614132,0.041856710897765985,0.002904556590947957,0.044761267488713945,0.0011250070552614132,0.03767098867175685,0.0026405059917708707,0.040311494663527715,0.0011024497789501922,FIX5_L1_RATE_FOLD_FIX5_FULLSTAT_V2_EXACTPOS_M50000_S260613_NO_NEW_TRANSPORT
w2_510p58_511p42,59,1274400.0,14.75,21600.0,1.0139209066032777,1.0126589980260685,0.9642708909886071,0.7126370627291281,685.8468944373424,71.98944451724103,0.12042477431594228,0.004694045372681927,0.1251188196886242,0.0011669018572693093,0.041279055244053856,0.002868583283305622,0.04414763852735948,0.0011669018572693093,0.037151099289136305,0.0026078029848232934,0.0397589022739596,0.0011435045572262582,FIX5_L1_RATE_FOLD_FIX5_FULLSTAT_V2_EXACTPOS_M50000_S260613_NO_NEW_TRANSPORT
w2_510p58_511p42,60,1296000.0,15.0,21600.0,1.0,1.0,1.0,0.7390423888027,676.4303704270075,71.08952239358646,0.11877136917846545,0.004635366280092136,0.12340673545855758,0.001210139047205871,0.04071230307533774,0.002832723837834083,0.04354502691317182,0.001210139047205871,0.036641023029691425,0.0025752034889400762,0.0392162265186315,0.00118587480749719,FIX5_L1_RATE_FOLD_FIX5_FULLSTAT_V2_EXACTPOS_M50000_S260613_NO_NEW_TRANSPORT
w2_510p58_511p42,61,1317600.0,15.25,21600.0,0.9877417154586623,0.9887088647903968,1.033008816969226,0.7634373037471879,668.1384944739108,70.28684098425437,0.11731543593971155,0.00458302773267758,0.12189846367238913,0.001250084305522403,0.04021324007990707,0.002800739169969632,0.0430139792498767,0.001250084305522403,0.03619186694350776,0.002546126518154212,0.03873799346166197,0.0012250191319662807,FIX5_L1_RATE_FOLD_FIX5_FULLSTAT_V2_EXACTPOS_M50000_S260613_NO_NEW_TRANSPORT
w2_510p58_511p42,62,1339200.0,15.5,21600.0,0.9779344795680064,0.979568708006804,1.0605306589851686,0.7837771116149006,661.5045822675294,69.63707160390625,0.11615061710512217,0.004540659758128159,0.12069127686325033,0.0012833895611969264,0.03981396491999536,0.002774847629967208,0.042588812549962565,0.0012833895611969264,0.03583251978738062,0.0025225887545156445,0.03835510854189626,0.0012576565910689048,FIX5_L1_RATE_FOLD_FIX5_FULLSTAT_V2_EXACTPOS_M50000_S260613_NO_NEW_TRANSPORT
w2_510p58_511p42,63,1360800.0,15.75,21600.0,0.9709049942181031,0.9729374577419063,1.0809072123607733,0.7988362482971733,656.749624888383,69.16565918970234,0.11531571550549419,0.004509921484255401,0.11982563698974959,0.00130804802408422,0.03952777838196645,0.002756063129267189,0.04228384151123364,0.00130804802408422,0.035574952252787936,0.002505511935697445,0.03808046418848538,0.0012818206323806562,FIX5_L1_RATE_FOLD_FIX5_FULLSTAT_V2_EXACTPOS_M50000_S260613_NO_NEW_TRANSPORT
w2_510p58_511p42,64,1382400.0,16.0,21600.0,0.9667176491118507,0.9689231620772761,1.093330335569814,0.808017462949973,653.9171774870549,68.88028482815713,0.11481837879400184,0.004491313753493253,0.11930969254749509,0.00132308173056773,0.03935730191891967,0.002744691738245877,0.04210199365716554,0.00132308173056773,0.03542152364431647,0.0024951743074962526,0.037916697951812725,0.0012965529012246913,FIX5_L1_RATE_FOLD_FIX5_FULLSTAT_V2_EXACTPOS_M50000_S260613_NO_NEW_TRANSPORT
w2_510p58_511p42,65,1404000.0,16.25,21600.0,0.9653420850236281,0.9675354572711334,1.0974945300661616,0.8110949791979928,652.9867041613124,68.78163355626516,0.11465500116385091,0.0044848812334281375,0.11913988239727905,0.00132812098492792,0.0393012995368604,0.0027407607537616395,0.04204206029062204,0.00132812098492792,0.03537112156888109,0.002491600685237855,0.03786272225411895,0.0013014911145714284,FIX5_L1_RATE_FOLD_FIX5_FULLSTAT_V2_EXACTPOS_M50000_S260613_NO_NEW_TRANSPORT
w2_510p58_511p42,66,1425600.0,16.5,21600.0,0.9667561431028935,0.968781286158576,1.093330335569814,0.808017462949973,653.9432159916753,68.87019893685758,0.11482295077802314,0.004490656106643754,0.1193136068846669,0.00132308173056773,0.039358869097949584,0.00274428984294896,0.04210315894089854,0.00132308173056773,0.03542293410352878,0.002494808948135419,0.0379177430516642,0.0012965529012246913,FIX5_L1_RATE_FOLD_FIX5_FULLSTAT_V2_EXACTPOS_M50000_S260613_NO_NEW_TRANSPORT
w2_510p58_511p42,67,1447200.0,16.75,21600.0,0.9709797864911349,0.9726988904058543,1.0809072123607733,0.7988362482971733,656.800216653335,69.14869955172368,0.11532459868616615,0.004508815637270334,0.11983341432343649,0.00130804802408422,0.039530823347653815,0.0027553873338874257,0.04228621068154124,0.00130804802408422,0.03557769271818654,0.0025048975762612968,0.038082590294447834,0.0012818206323806562,FIX5_L1_RATE_FOLD_FIX5_FULLSTAT_V2_EXACTPOS_M50000_S260613_NO_NEW_TRANSPORT
w2_510p58_511p42,68,1468800.0,17.0,21600.0,0.9780412571920137,0.9793297963451881,1.0605306589851686,0.7837771116149006,661.5768098952899,69.62008748798772,0.11616329922972314,0.004539552315067984,0.12070285154479113,0.0012833895611969264,0.03981831208298561,0.0027741708592082122,0.042592482942193824,0.0012833895611969264,0.03583643222876093,0.002521973508371103,0.038358405737132034,0.0012576565910689048,FIX5_L1_RATE_FOLD_FIX5_FULLSTAT_V2_EXACTPOS_M50000_S260613_NO_NEW_TRANSPORT
w2_510p58_511p42,69,1490400.0,17.25,21600.0,0.9878741877345425,0.9886266179151048,1.033008816969226,0.7634373037471879,668.2281027445557,70.28099409317149,0.11733116985329603,0.004582646488285209,0.12191381634158124,0.001250084305522403,0.04021863333135179,0.002800506187285405,0.043019139518637194,0.001250084305522403,0.03619672086321908,0.0025459147157140052,0.038742635578933086,0.0012250191319662807,FIX5_L1_RATE_FOLD_FIX5_FULLSTAT_V2_EXACTPOS_M50000_S260613_NO_NEW_TRANSPORT
w2_510p58_511p42,70,1512000.0,17.5,21600.0,1.0001500779374484,1.0002998866046175,1.0,0.7390423888027,676.5318877018286,71.11084118908096,0.11878919414057967,0.004636756364347031,0.1234259505049267,0.001210139047205871,0.040718413093812064,0.00283357333376763,0.043551986427579695,0.001210139047205871,0.03664652203885372,0.0025759757579705738,0.039222497796824296,0.00118587480749719,FIX5_L1_RATE_FOLD_FIX5_FULLSTAT_V2_EXACTPOS_M50000_S260613_NO_NEW_TRANSPORT
w2_510p58_511p42,71,1533600.0,17.75,21600.0,1.0140789254943228,1.0136331519916244,0.9642708909886073,0.7126370627291283,685.9537832143465,72.05869665739021,0.12044354243598777,0.004698560933125483,0.12514210336911324,0.0011669018572693095,0.04128548855703771,0.0028713427924655726,0.04415683134950328,0.0011669018572693095,0.03715688926296221,0.002610311629514158,0.03976720089247637,0.0011435045572262585,FIX5_L1_RATE_FOLD_FIX5_FULLSTAT_V2_EXACTPOS_M50000_S260613_NO_NEW_TRANSPORT
w2_510p58_511p42,72,1555200.0,18.0,21600.0,1.0282646729193077,1.0273452559503897,0.9296510660150816,0.6870515445807625,695.549453599813,73.03348357883004,0.12212840308047312,0.004762121557445062,0.1268905246379182,0.0011250070552614132,0.04186302300555389,0.0029101853962164265,0.04477320840177031,0.0011250070552614132,0.03767666956105447,0.0026456230874694793,0.04032229264852395,0.0011024497789501922,FIX5_L1_RATE_FOLD_FIX5_FULLSTAT_V2_EXACTPOS_M50000_S260613_NO_NEW_TRANSPORT
w2_510p58_511p42,73,1576800.0,18.25,21600.0,1.0407531463763122,1.0396265748872864,0.9005490103995397,0.6655438918795834,703.9970363264024,73.90655667641734,0.12361167617191048,0.004819049969120209,0.12843072614103068,0.001089789521407089,0.04237145752188377,0.0029449749811290165,0.04531643250301278,0.001089789521407089,0.03813426000459827,0.0026772499828445614,0.04081150998744283,0.001067938384349339,FIX5_L1_RATE_FOLD_FIX5_FULLSTAT_V2_EXACTPOS_M50000_S260613_NO_NEW_TRANSPORT
w2_510p58_511p42,74,1598400.0,18.5,21600.0,1.0493894918360789,1.0484593578578318,0.8811061237734871,0.6511747745022454,709.838922684888,74.53447499919962,0.12463742674686518,0.004859993153461248,0.12949741990032643,0.0010662609251105059,0.042723063035705104,0.0029699958160040955,0.0456930588517092,0.0010662609251105059,0.03845070453748195,0.0026999961963673604,0.04115070073384931,0.0010448815549144793,FIX5_L1_RATE_FOLD_FIX5_FULLSTAT_V2_EXACTPOS_M50000_S260613_NO_NEW_TRANSPORT
w2_510p58_511p42,75,1620000.0,18.75,21600.0,1.0524481545725202,1.0521935679921557,0.8742699771764703,0.6461225723909806,711.9078950527103,74.79993821416599,0.12500070830792748,0.004877302585200671,0.12987801089312814,0.0010579882371810324,0.042847588240036344,0.0029805738020670766,0.045828162042103424,0.0010579882371810324,0.038562777069247954,0.0027096125473337067,0.04127238961658166,0.0010367747408847193,FIX5_L1_RATE_FOLD_FIX5_FULLSTAT_V2_EXACTPOS_M50000_S260613_NO_NEW_TRANSPORT
w2_510p58_511p42,76,1641600.0,19.0,21600.0,1.0492670593934834,1.0501372826367767,0.8811061237734871,0.6511747745022454,709.7561056623908,74.65375787034718,0.12462288527802626,0.0048677709494021,0.12949065622742836,0.0010662609251105059,0.0427180785289959,0.0029747489135235053,0.04569282744251941,0.0010662609251105059,0.038446218487533226,0.0027043171941122783,0.041150535681645506,0.0010448815549144793,FIX5_L1_RATE_FOLD_FIX5_FULLSTAT_V2_EXACTPOS_M50000_S260613_NO_NEW_TRANSPORT
w2_510p58_511p42,77,1663200.0,19.25,21600.0,1.04051723050784,1.0428234899168778,0.9005490103995393,0.6655438918795831,703.8374556681022,74.13382383900387,0.1235836561212011,0.004833868841248697,0.1284175249624498,0.0010897895214070884,0.042361852843546245,0.0029540309585408702,0.04531588380208711,0.0010897895214070884,0.03812561580582851,0.00268548268958261,0.04081109849541112,0.0010679383843493386,FIX5_L1_RATE_FOLD_FIX5_FULLSTAT_V2_EXACTPOS_M50000_S260613_NO_NEW_TRANSPORT
w2_510p58_511p42,78,1684800.0,19.5,21600.0,1.0279317891618944,1.03178410328728,0.9296510660150816,0.6870515445807625,695.3242809164768,73.34903911598762,0.12208886602082787,0.00478269724071296,0.12687156326154084,0.0011250070552614132,0.04184947054113322,0.002922759424880142,0.04477222996601336,0.0011250070552614132,0.03766447235963288,0.0026570540226183116,0.04032152638225119,0.0011024497789501922,FIX5_L1_RATE_FOLD_FIX5_FULLSTAT_V2_EXACTPOS_M50000_S260613_NO_NEW_TRANSPORT
w2_510p58_511p42,79,1706400.0,19.75,21600.0,1.0136710202908492,1.0189821065217928,0.9642708909886071,0.7126370627291281,685.6778637464618,72.4389512802449,0.1203950949764762,0.004723355296588371,0.12511845027306456,0.0011669018572693093,0.04126888179676789,0.0028864949034706714,0.04415537670023856,0.0011669018572693093,0.03714194319900781,0.002624086275882429,0.03976602947489023,0.0011435045572262582,FIX5_L1_RATE_FOLD_FIX5_FULLSTAT_V2_EXACTPOS_M50000_S260613_NO_NEW_TRANSPORT
w2_510p58_511p42,80,1728000.0,20.0,10800.0,0.9996924039195548,1.0071030902932738,1.0,0.7390423888027,676.2223030963701,71.59447769005382,0.11873483557083706,0.004668291705322027,0.12340312727615908,0.001210139047205871,0.04069978013048587,0.0028528449310301278,0.043552625061516,0.001210139047205871,0.03662975239462399,0.0025934953918455715,0.03922324778646956,0.00118587480749719,FIX5_L1_RATE_FOLD_FIX5_FULLSTAT_V2_EXACTPOS_M50000_S260613_NO_NEW_TRANSPORT
