mode,band,stage,baseline_events,candidate_events,baseline_rate_s-1,candidate_rate_s-1,baseline_sigma_s-1,candidate_sigma_s-1,absolute_delta_s-1,delta_sigma_s-1_independent,z_delta_independent,relative_delta,relative_delta_sigma_independent,relative_delta_ci95_lo,relative_delta_ci95_hi
instant,all_50_8000,raw,422,470,3.1014087204560243,3.472168977786594,0.1841882756294169,0.19758969718717193,0.3707602573305695,0.27012406281902457,1.372555460114519,0.1195457583146454,0.08709721522267021,-0.051164783521788215,0.290256300151079
instant,all_50_8000,active_veto_pass,77,111,0.7125241508649224,0.8957812898095308,0.12303378423296074,0.11758573243274378,0.18325713894460838,0.17018729839335117,1.0767968037253233,0.257194284182726,0.2388512700752155,-0.21095420516469637,0.7253427735301483
instant,all_50_8000,side_compton_fov_pass,53,84,0.5496741181838628,0.7126821625095046,0.11845803657659039,0.11218166745696186,0.16300804432564175,0.1631472737835518,0.9991466026082989,0.296553974315226,0.29680726886431275,-0.28518827265882696,0.878296221289279
instant,b100_300,raw,135,150,1.0111766316277064,1.0649631832349455,0.10960553794616788,0.09902703933707133,0.05378655160723911,0.14771502451793697,0.3641237699602306,0.05319204372895572,0.14608231628153615,-0.23312929618285513,0.33951338364076655
instant,b100_300,active_veto_pass,18,41,0.16965032070777564,0.3259035096404222,0.06104744259145927,0.06924775601713788,0.15625318893264656,0.09231490649059107,1.6926105964107998,0.9210309080511214,0.5441481401594543,-0.14549944666140902,1.9875612627636519
instant,b100_300,side_compton_fov_pass,12,36,0.12894017288922893,0.29200063054012326,0.05874156016872717,0.06756752675029001,0.16306045765089433,0.08953179079079872,1.8212576360937955,1.2646210563947184,0.6943669206005678,-0.0963381079823944,2.6255802207718313
instant,b300_480,raw,87,79,0.6380669096131402,0.6306739914798162,0.0831066309023092,0.09716912218879736,-0.007392918133323989,0.1278614500421221,-0.05781975826872368,-0.01158643086162596,0.20038878073091812,-0.40434844109422546,0.3811755793709735
instant,b300_480,active_veto_pass,18,19,0.16969362889041353,0.1764714598565762,0.06105225617478196,0.06148374985366942,0.006777830966162662,0.08664657800571121,0.07822387360428601,0.03994157594767284,0.5106059583513693,-0.9608461024210111,1.0407292543163569
instant,b300_480,side_compton_fov_pass,17,15,0.1629086042539891,0.14934915657633704,0.06067405891082543,0.059969547791043715,-0.013559447677652048,0.08530936693573919,-0.15894441800120196,-0.08323346541298492,0.5236639729767388,-1.109614852447393,0.9431479216214231
instant,b480_550,raw,28,31,0.19002789685424765,0.30531513707410624,0.035911902043138565,0.08506733233800115,0.11528724021985859,0.09233696843334156,1.2485491150067909,0.6066858715396113,0.48591269998722597,-0.3457030204353516,1.559074763514574
instant,b480_550,active_veto_pass,6,10,0.04075735485290974,0.06785651304828831,0.016639122674722683,0.021458203577536136,0.027099158195378573,0.027153543123494127,0.9979971332702987,0.6648900129357613,0.6662243715640832,-0.6409097553298417,1.9706897812013644
instant,b480_550,side_compton_fov_pass,5,6,0.03396288880961268,0.04071062960963728,0.015188667965656296,0.01662014852042167,0.006747740800024604,0.02251499436846095,0.29969986621346234,0.19867982484796048,0.6629293077710287,-1.1006616183832556,1.4980212680791765
instant,w2_510p58_511p42,raw,12,13,0.08145806126458385,0.183314217950465,0.023514921853775347,0.0800596520490337,0.10185615668588116,0.0834415929617928,1.2206880653934813,1.2504122379618423,1.02435034257403,-0.7573144334832562,3.2581389094069406
instant,w2_510p58_511p42,active_veto_pass,4,5,0.027177864173188224,0.03395363394798935,0.013588932086594112,0.015184645485393694,0.006775769774801127,0.020377255305147307,0.3325163116099136,0.24931207734438626,0.7497739769135383,-1.220244917406149,1.7188690720949213
instant,w2_510p58_511p42,side_compton_fov_pass,3,4,0.020383398129891168,0.027149477969517697,0.01176836039729198,0.013574863532931577,0.006766079839626529,0.017965834975816344,0.3766081481174847,0.33194071942815234,0.8813954798572278,-1.3955944210920141,2.0594758599483187
instant,b550_800,raw,30,39,0.20363986738714412,0.2643944160691713,0.03717943284639765,0.04233701167427586,0.060754548682027176,0.056344767142012066,1.0782642606171509,0.2983430968677926,0.27668829225317565,-0.24396595594843162,0.8406521496840168
instant,b550_800,active_veto_pass,5,5,0.03392512318212227,0.03390287910029896,0.015171776316055874,0.015161828460245075,-2.224408182330967e-05,0.02144909878858157,-0.0010370637033548145,-0.0006556816817995158,0.6322482212794067,-1.2398621953894366,1.2385508320258376
instant,b550_800,side_compton_fov_pass,3,1,0.02035507390927336,0.006780575820059791,0.011752007400893704,0.006780575820059791,-0.013574498089213568,0.013567825411695121,-1.000491801546377,-0.6668852272272665,0.6665574132606757,-1.973337757218191,0.6395673027636579
instant,b800_1500,raw,50,63,0.38657411491379,0.42715041118474373,0.07209227968102162,0.05381591637555249,0.040576296270953716,0.08996360177842538,0.45103014406749237,0.10496382118084302,0.23272019079313727,-0.35116775277370604,0.5610953951353921
instant,b800_1500,active_veto_pass,8,13,0.101748968457443,0.0881474856607773,0.05714656853999227,0.024447713796396865,-0.01360148279666569,0.06215642368867893,-0.2188266632712178,-0.1336768618185508,0.6108801359954441,-1.3310019283696213,1.0636482047325195
instant,b800_1500,side_compton_fov_pass,5,6,0.08139389454816963,0.040683454920358755,0.05592513404494775,0.016608950921400096,-0.040710439627810874,0.05833933380365986,-0.697821469213571,-0.5001657661646608,0.7167531929453765,-1.9050020243375987,0.9046704920082771
instant,b1500_3000,raw,54,59,0.4139937941745837,0.3999409763325904,0.0733841413071149,0.052067938436529106,-0.014052817841993304,0.08997945547964153,-0.15617807161739103,-0.0339445132746776,0.21734493788497866,-0.4599405915292358,0.39205156497988053
instant,b1500_3000,active_veto_pass,13,11,0.13567409163956526,0.07458633402065772,0.05912624706913562,0.022488625857694698,-0.06108775761890754,0.0632586072044575,-0.9656829373663954,-0.45025366951558154,0.4662541421136741,-1.3641117880583828,0.46360444902721964
instant,b1500_3000,side_compton_fov_pass,6,10,0.08817891918459408,0.06780575820059792,0.05633522146279591,0.021442063438852965,-0.020373160983996164,0.0602778505072805,-0.3379875163520545,-0.23104344181568964,0.6835857262107582,-1.5708714651887756,1.1087845815573962
instant,b3000_8000,raw,27,36,0.1832402293306655,0.29155979659203124,0.035264625691938625,0.06752323978253946,0.10831956726136574,0.07617730459869827,1.4219401412532613,0.5911342048470047,0.4157236916639784,-0.22368423081439281,1.4059526405084024
instant,b3000_8000,active_veto_pass,5,9,0.03392512318212227,0.10857138102233088,0.015171776316055874,0.05761256886341409,0.07464625784020862,0.0595767646622915,1.2529424560621567,2.2003238555533207,1.7561252273856747,-1.2416815901226017,5.642329301229243
instant,b3000_8000,side_compton_fov_pass,1,7,0.006785024636424454,0.09501022938221132,0.006785024636424454,0.056808940089905495,0.08822520474578686,0.057212692940075444,1.5420564950192768,13.002930641130206,8.432201208664317,-3.524183727851856,29.530045010112268
buildup,all_50_8000,raw,421,488,3.0945939910672,3.5938352082846596,0.18406216593862523,0.19965989440499066,0.4992412172174596,0.27155653990252204,1.838442990165758,0.16132688768173156,0.0877519121042671,-0.010666860042631954,0.3333206354060951
buildup,all_50_8000,active_veto_pass,77,114,0.7125241508649224,0.9161142175546803,0.12303378423296074,0.11817027445055585,0.20359006668975788,0.17059169331008597,1.1934348193595246,0.2857307593611009,0.23941882265044248,-0.18353013303376636,0.754991651755968
buildup,all_50_8000,side_compton_fov_pass,53,83,0.5496741181838628,0.705895821358908,0.11845803657659039,0.11197621229990888,0.15622170317504525,0.16300606906067974,0.958379673071504,0.2842078569957154,0.2965503807951808,-0.29703088936283906,0.8654466033542698
buildup,b100_300,raw,135,150,1.0111766316277064,1.0647720933741898,0.10960553794616788,0.09901401276614498,0.05359546174648333,0.14770629191921097,0.36285158235370063,0.053003066002632895,0.14607368020505568,-0.23330134719927625,0.339307479204542
buildup,b100_300,active_veto_pass,18,41,0.16965032070777564,0.3259009809866778,0.06104744259145927,0.06924750841877235,0.15625066027890216,0.09231472076091365,1.6925866101418052,0.9210160029584942,0.5441470453800478,-0.14551220598639936,1.9875442119033877
buildup,b100_300,side_compton_fov_pass,12,35,0.12894017288922893,0.2852181329432177,0.05874156016872717,0.06722624786039108,0.15627796005398875,0.08927451647834857,1.7505326964374015,1.2120191601437158,0.6923716207131451,-0.14502921645404854,2.56906753674148
buildup,b300_480,raw,87,81,0.6380669096131402,0.6441978024257785,0.0831066309023092,0.09763855048990329,0.006130892812638344,0.1282185581017898,0.0478159550645638,0.009608542176800084,0.2009484525369427,-0.3842504247956076,0.40346750914920776
buildup,b300_480,active_veto_pass,18,20,0.16969362889041353,0.1832505184843895,0.06105225617478196,0.06185634268043584,0.013556889593975968,0.08691136354833418,0.1559852364580214,0.07989038647249906,0.5121663324464625,-0.9239556251225675,1.0837363980675656
buildup,b300_480,side_compton_fov_pass,17,15,0.1629086042539891,0.14934814511483938,0.06067405891082543,0.059969433428888025,-0.013560459139149716,0.08530928654311995,-0.15895642419064804,-0.08323967417956481,0.523663479493785,-1.1096200939873835,0.9431407456282538
buildup,b480_550,raw,28,31,0.19002789685424765,0.3052646326700857,0.035911902043138565,0.08506332372434393,0.11523673581583804,0.09233327542868017,1.2480520731104021,0.6064200979092307,0.48589326597399674,-0.3459307033998029,1.5587708992182643
buildup,b480_550,active_veto_pass,6,10,0.04075735485290974,0.06785600731753945,0.016639122674722683,0.021458043772319114,0.02709865246462971,0.027153416836914534,0.9979831498697294,0.664877604604782,0.6662212730661544,-0.6409160906048808,1.9706712998144447
buildup,b480_550,side_compton_fov_pass,5,6,0.03396288880961268,0.04071042731733774,0.015188667965656296,0.0166200659909877,0.006747538507725061,0.02251493344684234,0.2996916923452592,0.19867386857313718,0.6629275140008063,-1.100664058868443,1.4980117960147177
buildup,w2_510p58_511p42,raw,12,14,0.08145806126458385,0.19009418689362623,0.023514921853775347,0.08034622495659431,0.10863612562904237,0.08371658984075271,1.2976654428434327,1.3336448712691733,1.027726274614282,-0.6806986269748192,3.347988369513166
buildup,w2_510p58_511p42,active_veto_pass,4,5,0.027177864173188224,0.03395363394798935,0.013588932086594112,0.015184645485393694,0.006775769774801127,0.020377255305147307,0.3325163116099136,0.24931207734438626,0.7497739769135383,-1.220244917406149,1.7188690720949213
buildup,w2_510p58_511p42,side_compton_fov_pass,3,4,0.020383398129891168,0.027149477969517697,0.01176836039729198,0.013574863532931577,0.006766079839626529,0.017965834975816344,0.3766081481174847,0.33194071942815234,0.8813954798572278,-1.3955944210920141,2.0594758599483187
buildup,b550_800,raw,30,40,0.20363986738714412,0.2711798375007797,0.03717943284639765,0.042877318901168054,0.06753997011363555,0.05675186959856262,1.1900924249964475,0.33166378951344466,0.27868742170544836,-0.21456355702923413,0.8778911360561235
buildup,b550_800,active_veto_pass,5,5,0.03392512318212227,0.033902373369550105,0.015171776316055874,0.015161602290578528,-2.2749812572164796e-05,0.021448938915529365,-0.0010606497907313065,-0.0006705889452496787,0.6322435087526062,-1.2398678661003577,1.2385266882098585
buildup,b550_800,side_compton_fov_pass,3,1,0.02035507390927336,0.006780474673910021,0.011752007400893704,0.006780474673910021,-0.013574599235363338,0.013567774863779086,-1.0005029838461184,-0.6668901963150832,0.6665549299527663,-1.973337859022505,0.6395574663923388
buildup,b800_1500,raw,49,70,0.3797593855249657,0.47455928479825216,0.07176947011290102,0.05672073016649269,0.09479989927328647,0.09147730904933019,1.0363214687717206,0.24963148479461147,0.240882286353174,-0.22249779645760956,0.7217607660468325
buildup,b800_1500,active_veto_pass,8,13,0.101748968457443,0.08814617076083027,0.05714656853999227,0.024447349108767554,-0.013602797696612726,0.062156280248595895,-0.21884832300465748,-0.1336897847991664,0.6108787262506064,-1.3310120882503549,1.063632518652022
buildup,b800_1500,side_compton_fov_pass,5,6,0.08139389454816963,0.040682848043460125,0.05592513404494775,0.016608703164943714,-0.040711046504709504,0.05833926326897337,-0.6978327154563315,-0.5001732222140611,0.7167523263608878,-1.9050077818814013,0.904661337453279
buildup,b1500_3000,raw,54,65,0.4139937941745837,0.4405742973332736,0.0733841413071149,0.05464659658212503,0.026580503158689872,0.09149580708093746,0.2905106147123953,0.06420507633860983,0.2210076778164291,-0.3689699721815912,0.4973801248588109
buildup,b1500_3000,active_veto_pass,13,12,0.13567409163956526,0.08136569608692025,0.05912624706913562,0.023488253269292346,-0.05430839555264501,0.06362083883542319,-0.8536258959604736,-0.4002856764792048,0.4689240080150283,-1.3193767321886603,0.5188053792302507
buildup,b1500_3000,side_compton_fov_pass,6,9,0.08817891918459408,0.06102427206519019,0.05633522146279591,0.020341424021730066,-0.027154647119403894,0.0598951643164461,-0.45336960720129005,-0.3079494211372477,0.6792458432276918,-1.6392712738635236,1.023372431589028
buildup,b3000_8000,raw,27,37,0.1832402293306655,0.2983369334429988,0.035264625691938625,0.06786248951481513,0.11509670411233328,0.07647817537272272,1.504961429210359,0.6281191883068206,0.4173656388233083,-0.1899174637868637,1.4461558404005048
buildup,b3000_8000,active_veto_pass,5,10,0.03392512318212227,0.11535104652704276,0.015171776316055874,0.05801010217764498,0.08142592334492049,0.059961277098184336,1.3579751347121678,2.400165886142751,1.7674593774145084,-1.0640544935896852,5.864386265875187
buildup,b3000_8000,side_compton_fov_pass,1,8,0.006785024636424454,0.10179009717922272,0.006785024636424454,0.05721208160042546,0.09500507254279826,0.057613009297993,1.6490211794249714,14.002170608604256,8.491201194569824,-2.640583732752596,30.64492494996111
