scope,energy_bin_low_keV,energy_bin_high_keV,two_hit_events
all_energy,0,1,0
all_energy,1,2,0
all_energy,2,3,1
all_energy,3,4,0
all_energy,4,5,0
all_energy,5,6,0
all_energy,6,7,0
all_energy,7,8,0
all_energy,8,9,0
all_energy,9,10,0
all_energy,10,11,0
all_energy,11,12,0
all_energy,12,13,0
all_energy,13,14,0
all_energy,14,15,0
all_energy,15,16,0
all_energy,16,17,0
all_energy,17,18,0
all_energy,18,19,0
all_energy,19,20,0
all_energy,20,21,0
all_energy,21,22,0
all_energy,22,23,0
all_energy,23,24,0
all_energy,24,25,0
all_energy,25,26,0
all_energy,26,27,0
all_energy,27,28,0
all_energy,28,29,0
all_energy,29,30,0
all_energy,30,31,0
all_energy,31,32,0
all_energy,32,33,0
all_energy,33,34,0
all_energy,34,35,0
all_energy,35,36,0
all_energy,36,37,0
all_energy,37,38,0
all_energy,38,39,0
all_energy,39,40,0
all_energy,40,41,0
all_energy,41,42,0
all_energy,42,43,0
all_energy,43,44,0
all_energy,44,45,0
all_energy,45,46,0
all_energy,46,47,0
all_energy,47,48,0
all_energy,48,49,1
all_energy,49,50,0
all_energy,50,51,0
all_energy,51,52,0
all_energy,52,53,0
all_energy,53,54,0
all_energy,54,55,0
all_energy,55,56,0
all_energy,56,57,0
all_energy,57,58,0
all_energy,58,59,0
all_energy,59,60,0
all_energy,60,61,0
all_energy,61,62,0
all_energy,62,63,0
all_energy,63,64,0
all_energy,64,65,0
all_energy,65,66,0
all_energy,66,67,0
all_energy,67,68,0
all_energy,68,69,1
all_energy,69,70,0
all_energy,70,71,0
all_energy,71,72,0
all_energy,72,73,0
all_energy,73,74,0
all_energy,74,75,0
all_energy,75,76,1
all_energy,76,77,0
all_energy,77,78,0
all_energy,78,79,0
all_energy,79,80,0
all_energy,80,81,0
all_energy,81,82,0
all_energy,82,83,0
all_energy,83,84,0
all_energy,84,85,0
all_energy,85,86,0
all_energy,86,87,0
all_energy,87,88,0
all_energy,88,89,0
all_energy,89,90,0
all_energy,90,91,0
all_energy,91,92,0
all_energy,92,93,0
all_energy,93,94,0
all_energy,94,95,0
all_energy,95,96,0
all_energy,96,97,0
all_energy,97,98,0
all_energy,98,99,0
all_energy,99,100,0
all_energy,100,101,0
all_energy,101,102,0
all_energy,102,103,0
all_energy,103,104,0
all_energy,104,105,0
all_energy,105,106,0
all_energy,106,107,0
all_energy,107,108,0
all_energy,108,109,0
all_energy,109,110,0
all_energy,110,111,0
all_energy,111,112,0
all_energy,112,113,0
all_energy,113,114,0
all_energy,114,115,0
all_energy,115,116,0
all_energy,116,117,0
all_energy,117,118,0
all_energy,118,119,0
all_energy,119,120,0
all_energy,120,121,0
all_energy,121,122,0
all_energy,122,123,0
all_energy,123,124,0
all_energy,124,125,0
all_energy,125,126,0
all_energy,126,127,0
all_energy,127,128,0
all_energy,128,129,0
all_energy,129,130,0
all_energy,130,131,0
all_energy,131,132,0
all_energy,132,133,0
all_energy,133,134,0
all_energy,134,135,0
all_energy,135,136,0
all_energy,136,137,0
all_energy,137,138,0
all_energy,138,139,0
all_energy,139,140,0
all_energy,140,141,0
all_energy,141,142,0
all_energy,142,143,0
all_energy,143,144,0
all_energy,144,145,0
all_energy,145,146,0
all_energy,146,147,0
all_energy,147,148,0
all_energy,148,149,0
all_energy,149,150,0
all_energy,150,151,0
all_energy,151,152,0
all_energy,152,153,0
all_energy,153,154,0
all_energy,154,155,0
all_energy,155,156,0
all_energy,156,157,0
all_energy,157,158,0
all_energy,158,159,0
all_energy,159,160,0
all_energy,160,161,0
all_energy,161,162,0
all_energy,162,163,0
all_energy,163,164,0
all_energy,164,165,0
all_energy,165,166,0
all_energy,166,167,0
all_energy,167,168,0
all_energy,168,169,0
all_energy,169,170,0
all_energy,170,171,0
all_energy,171,172,0
all_energy,172,173,0
all_energy,173,174,0
all_energy,174,175,0
all_energy,175,176,0
all_energy,176,177,0
all_energy,177,178,0
all_energy,178,179,0
all_energy,179,180,0
all_energy,180,181,0
all_energy,181,182,0
all_energy,182,183,0
all_energy,183,184,0
all_energy,184,185,0
all_energy,185,186,0
all_energy,186,187,0
all_energy,187,188,0
all_energy,188,189,0
all_energy,189,190,0
all_energy,190,191,0
all_energy,191,192,0
all_energy,192,193,0
all_energy,193,194,0
all_energy,194,195,0
all_energy,195,196,0
all_energy,196,197,0
all_energy,197,198,0
all_energy,198,199,0
all_energy,199,200,0
diagnostic_430_550,0,1,0
diagnostic_430_550,1,2,0
diagnostic_430_550,2,3,1
diagnostic_430_550,3,4,0
diagnostic_430_550,4,5,0
diagnostic_430_550,5,6,0
diagnostic_430_550,6,7,0
diagnostic_430_550,7,8,0
diagnostic_430_550,8,9,0
diagnostic_430_550,9,10,0
diagnostic_430_550,10,11,0
diagnostic_430_550,11,12,0
diagnostic_430_550,12,13,0
diagnostic_430_550,13,14,0
diagnostic_430_550,14,15,0
diagnostic_430_550,15,16,0
diagnostic_430_550,16,17,0
diagnostic_430_550,17,18,0
diagnostic_430_550,18,19,0
diagnostic_430_550,19,20,0
diagnostic_430_550,20,21,0
diagnostic_430_550,21,22,0
diagnostic_430_550,22,23,0
diagnostic_430_550,23,24,0
diagnostic_430_550,24,25,0
diagnostic_430_550,25,26,0
diagnostic_430_550,26,27,0
diagnostic_430_550,27,28,0
diagnostic_430_550,28,29,0
diagnostic_430_550,29,30,0
diagnostic_430_550,30,31,0
diagnostic_430_550,31,32,0
diagnostic_430_550,32,33,0
diagnostic_430_550,33,34,0
diagnostic_430_550,34,35,0
diagnostic_430_550,35,36,0
diagnostic_430_550,36,37,0
diagnostic_430_550,37,38,0
diagnostic_430_550,38,39,0
diagnostic_430_550,39,40,0
diagnostic_430_550,40,41,0
diagnostic_430_550,41,42,0
diagnostic_430_550,42,43,0
diagnostic_430_550,43,44,0
diagnostic_430_550,44,45,0
diagnostic_430_550,45,46,0
diagnostic_430_550,46,47,0
diagnostic_430_550,47,48,0
diagnostic_430_550,48,49,1
diagnostic_430_550,49,50,0
diagnostic_430_550,50,51,0
diagnostic_430_550,51,52,0
diagnostic_430_550,52,53,0
diagnostic_430_550,53,54,0
diagnostic_430_550,54,55,0
diagnostic_430_550,55,56,0
diagnostic_430_550,56,57,0
diagnostic_430_550,57,58,0
diagnostic_430_550,58,59,0
diagnostic_430_550,59,60,0
diagnostic_430_550,60,61,0
diagnostic_430_550,61,62,0
diagnostic_430_550,62,63,0
diagnostic_430_550,63,64,0
diagnostic_430_550,64,65,0
diagnostic_430_550,65,66,0
diagnostic_430_550,66,67,0
diagnostic_430_550,67,68,0
diagnostic_430_550,68,69,1
diagnostic_430_550,69,70,0
diagnostic_430_550,70,71,0
diagnostic_430_550,71,72,0
diagnostic_430_550,72,73,0
diagnostic_430_550,73,74,0
diagnostic_430_550,74,75,0
diagnostic_430_550,75,76,1
diagnostic_430_550,76,77,0
diagnostic_430_550,77,78,0
diagnostic_430_550,78,79,0
diagnostic_430_550,79,80,0
diagnostic_430_550,80,81,0
diagnostic_430_550,81,82,0
diagnostic_430_550,82,83,0
diagnostic_430_550,83,84,0
diagnostic_430_550,84,85,0
diagnostic_430_550,85,86,0
diagnostic_430_550,86,87,0
diagnostic_430_550,87,88,0
diagnostic_430_550,88,89,0
diagnostic_430_550,89,90,0
diagnostic_430_550,90,91,0
diagnostic_430_550,91,92,0
diagnostic_430_550,92,93,0
diagnostic_430_550,93,94,0
diagnostic_430_550,94,95,0
diagnostic_430_550,95,96,0
diagnostic_430_550,96,97,0
diagnostic_430_550,97,98,0
diagnostic_430_550,98,99,0
diagnostic_430_550,99,100,0
diagnostic_430_550,100,101,0
diagnostic_430_550,101,102,0
diagnostic_430_550,102,103,0
diagnostic_430_550,103,104,0
diagnostic_430_550,104,105,0
diagnostic_430_550,105,106,0
diagnostic_430_550,106,107,0
diagnostic_430_550,107,108,0
diagnostic_430_550,108,109,0
diagnostic_430_550,109,110,0
diagnostic_430_550,110,111,0
diagnostic_430_550,111,112,0
diagnostic_430_550,112,113,0
diagnostic_430_550,113,114,0
diagnostic_430_550,114,115,0
diagnostic_430_550,115,116,0
diagnostic_430_550,116,117,0
diagnostic_430_550,117,118,0
diagnostic_430_550,118,119,0
diagnostic_430_550,119,120,0
diagnostic_430_550,120,121,0
diagnostic_430_550,121,122,0
diagnostic_430_550,122,123,0
diagnostic_430_550,123,124,0
diagnostic_430_550,124,125,0
diagnostic_430_550,125,126,0
diagnostic_430_550,126,127,0
diagnostic_430_550,127,128,0
diagnostic_430_550,128,129,0
diagnostic_430_550,129,130,0
diagnostic_430_550,130,131,0
diagnostic_430_550,131,132,0
diagnostic_430_550,132,133,0
diagnostic_430_550,133,134,0
diagnostic_430_550,134,135,0
diagnostic_430_550,135,136,0
diagnostic_430_550,136,137,0
diagnostic_430_550,137,138,0
diagnostic_430_550,138,139,0
diagnostic_430_550,139,140,0
diagnostic_430_550,140,141,0
diagnostic_430_550,141,142,0
diagnostic_430_550,142,143,0
diagnostic_430_550,143,144,0
diagnostic_430_550,144,145,0
diagnostic_430_550,145,146,0
diagnostic_430_550,146,147,0
diagnostic_430_550,147,148,0
diagnostic_430_550,148,149,0
diagnostic_430_550,149,150,0
diagnostic_430_550,150,151,0
diagnostic_430_550,151,152,0
diagnostic_430_550,152,153,0
diagnostic_430_550,153,154,0
diagnostic_430_550,154,155,0
diagnostic_430_550,155,156,0
diagnostic_430_550,156,157,0
diagnostic_430_550,157,158,0
diagnostic_430_550,158,159,0
diagnostic_430_550,159,160,0
diagnostic_430_550,160,161,0
diagnostic_430_550,161,162,0
diagnostic_430_550,162,163,0
diagnostic_430_550,163,164,0
diagnostic_430_550,164,165,0
diagnostic_430_550,165,166,0
diagnostic_430_550,166,167,0
diagnostic_430_550,167,168,0
diagnostic_430_550,168,169,0
diagnostic_430_550,169,170,0
diagnostic_430_550,170,171,0
diagnostic_430_550,171,172,0
diagnostic_430_550,172,173,0
diagnostic_430_550,173,174,0
diagnostic_430_550,174,175,0
diagnostic_430_550,175,176,0
diagnostic_430_550,176,177,0
diagnostic_430_550,177,178,0
diagnostic_430_550,178,179,0
diagnostic_430_550,179,180,0
diagnostic_430_550,180,181,0
diagnostic_430_550,181,182,0
diagnostic_430_550,182,183,0
diagnostic_430_550,183,184,0
diagnostic_430_550,184,185,0
diagnostic_430_550,185,186,0
diagnostic_430_550,186,187,0
diagnostic_430_550,187,188,0
diagnostic_430_550,188,189,0
diagnostic_430_550,189,190,0
diagnostic_430_550,190,191,0
diagnostic_430_550,191,192,0
diagnostic_430_550,192,193,0
diagnostic_430_550,193,194,0
diagnostic_430_550,194,195,0
diagnostic_430_550,195,196,0
diagnostic_430_550,196,197,0
diagnostic_430_550,197,198,0
diagnostic_430_550,198,199,0
diagnostic_430_550,199,200,0
w2,0,1,0
w2,1,2,0
w2,2,3,1
w2,3,4,0
w2,4,5,0
w2,5,6,0
w2,6,7,0
w2,7,8,0
w2,8,9,0
w2,9,10,0
w2,10,11,0
w2,11,12,0
w2,12,13,0
w2,13,14,0
w2,14,15,0
w2,15,16,0
w2,16,17,0
w2,17,18,0
w2,18,19,0
w2,19,20,0
w2,20,21,0
w2,21,22,0
w2,22,23,0
w2,23,24,0
w2,24,25,0
w2,25,26,0
w2,26,27,0
w2,27,28,0
w2,28,29,0
w2,29,30,0
w2,30,31,0
w2,31,32,0
w2,32,33,0
w2,33,34,0
w2,34,35,0
w2,35,36,0
w2,36,37,0
w2,37,38,0
w2,38,39,0
w2,39,40,0
w2,40,41,0
w2,41,42,0
w2,42,43,0
w2,43,44,0
w2,44,45,0
w2,45,46,0
w2,46,47,0
w2,47,48,0
w2,48,49,1
w2,49,50,0
w2,50,51,0
w2,51,52,0
w2,52,53,0
w2,53,54,0
w2,54,55,0
w2,55,56,0
w2,56,57,0
w2,57,58,0
w2,58,59,0
w2,59,60,0
w2,60,61,0
w2,61,62,0
w2,62,63,0
w2,63,64,0
w2,64,65,0
w2,65,66,0
w2,66,67,0
w2,67,68,0
w2,68,69,1
w2,69,70,0
w2,70,71,0
w2,71,72,0
w2,72,73,0
w2,73,74,0
w2,74,75,0
w2,75,76,0
w2,76,77,0
w2,77,78,0
w2,78,79,0
w2,79,80,0
w2,80,81,0
w2,81,82,0
w2,82,83,0
w2,83,84,0
w2,84,85,0
w2,85,86,0
w2,86,87,0
w2,87,88,0
w2,88,89,0
w2,89,90,0
w2,90,91,0
w2,91,92,0
w2,92,93,0
w2,93,94,0
w2,94,95,0
w2,95,96,0
w2,96,97,0
w2,97,98,0
w2,98,99,0
w2,99,100,0
w2,100,101,0
w2,101,102,0
w2,102,103,0
w2,103,104,0
w2,104,105,0
w2,105,106,0
w2,106,107,0
w2,107,108,0
w2,108,109,0
w2,109,110,0
w2,110,111,0
w2,111,112,0
w2,112,113,0
w2,113,114,0
w2,114,115,0
w2,115,116,0
w2,116,117,0
w2,117,118,0
w2,118,119,0
w2,119,120,0
w2,120,121,0
w2,121,122,0
w2,122,123,0
w2,123,124,0
w2,124,125,0
w2,125,126,0
w2,126,127,0
w2,127,128,0
w2,128,129,0
w2,129,130,0
w2,130,131,0
w2,131,132,0
w2,132,133,0
w2,133,134,0
w2,134,135,0
w2,135,136,0
w2,136,137,0
w2,137,138,0
w2,138,139,0
w2,139,140,0
w2,140,141,0
w2,141,142,0
w2,142,143,0
w2,143,144,0
w2,144,145,0
w2,145,146,0
w2,146,147,0
w2,147,148,0
w2,148,149,0
w2,149,150,0
w2,150,151,0
w2,151,152,0
w2,152,153,0
w2,153,154,0
w2,154,155,0
w2,155,156,0
w2,156,157,0
w2,157,158,0
w2,158,159,0
w2,159,160,0
w2,160,161,0
w2,161,162,0
w2,162,163,0
w2,163,164,0
w2,164,165,0
w2,165,166,0
w2,166,167,0
w2,167,168,0
w2,168,169,0
w2,169,170,0
w2,170,171,0
w2,171,172,0
w2,172,173,0
w2,173,174,0
w2,174,175,0
w2,175,176,0
w2,176,177,0
w2,177,178,0
w2,178,179,0
w2,179,180,0
w2,180,181,0
w2,181,182,0
w2,182,183,0
w2,183,184,0
w2,184,185,0
w2,185,186,0
w2,186,187,0
w2,187,188,0
w2,188,189,0
w2,189,190,0
w2,190,191,0
w2,191,192,0
w2,192,193,0
w2,193,194,0
w2,194,195,0
w2,195,196,0
w2,196,197,0
w2,197,198,0
w2,198,199,0
w2,199,200,0
