family,window,stage,group_by,group_value,events,fraction_of_stage
atm511,w2_510p58_511p42,side_compton_fov_pass,entry_surface_proxy,side,76,0.7102803738317757
atm511,w2_510p58_511p42,side_compton_fov_pass,entry_surface_proxy,top,24,0.22429906542056074
atm511,w2_510p58_511p42,side_compton_fov_pass,entry_surface_proxy,bottom,7,0.06542056074766354
atm511,w2_510p58_511p42,side_compton_fov_pass,entry_region_proxy,side_phi07_315deg,17,0.1588785046728972
atm511,w2_510p58_511p42,side_compton_fov_pass,entry_region_proxy,side_phi00_000deg,16,0.14953271028037382
atm511,w2_510p58_511p42,side_compton_fov_pass,entry_region_proxy,side_phi01_045deg,13,0.12149532710280374
atm511,w2_510p58_511p42,side_compton_fov_pass,entry_region_proxy,side_phi06_270deg,11,0.102803738317757
atm511,w2_510p58_511p42,side_compton_fov_pass,entry_region_proxy,side_phi02_090deg,10,0.09345794392523364
atm511,w2_510p58_511p42,side_compton_fov_pass,entry_region_proxy,top_phi00_000deg,8,0.07476635514018691
atm511,w2_510p58_511p42,side_compton_fov_pass,entry_region_proxy,top_phi01_045deg,6,0.056074766355140186
atm511,w2_510p58_511p42,side_compton_fov_pass,entry_region_proxy,top_phi07_315deg,5,0.04672897196261682
atm511,w2_510p58_511p42,side_compton_fov_pass,entry_region_proxy,side_phi05_225deg,4,0.037383177570093455
atm511,w2_510p58_511p42,side_compton_fov_pass,entry_region_proxy,side_phi04_180deg,2,0.018691588785046728
atm511,w2_510p58_511p42,side_compton_fov_pass,entry_region_proxy,bottom_phi04_180deg,2,0.018691588785046728
atm511,w2_510p58_511p42,side_compton_fov_pass,entry_region_proxy,top_phi05_225deg,2,0.018691588785046728
atm511,w2_510p58_511p42,side_compton_fov_pass,entry_region_proxy,top_phi02_090deg,2,0.018691588785046728
atm511,w2_510p58_511p42,side_compton_fov_pass,entry_region_proxy,side_neg_x_window_axis_pm15deg,2,0.018691588785046728
atm511,w2_510p58_511p42,side_compton_fov_pass,entry_region_proxy,bottom_phi07_315deg,2,0.018691588785046728
atm511,w2_510p58_511p42,side_compton_fov_pass,entry_region_proxy,bottom_phi02_090deg,1,0.009345794392523364
atm511,w2_510p58_511p42,side_compton_fov_pass,entry_region_proxy,side_phi03_135deg,1,0.009345794392523364
atm511,w2_510p58_511p42,side_compton_fov_pass,entry_region_proxy,bottom_phi01_045deg,1,0.009345794392523364
atm511,w2_510p58_511p42,side_compton_fov_pass,entry_region_proxy,top_phi04_180deg,1,0.009345794392523364
atm511,w2_510p58_511p42,side_compton_fov_pass,entry_region_proxy,bottom_phi05_225deg,1,0.009345794392523364
atm511,w2_510p58_511p42,side_compton_fov_pass,first_hit_category,tes,107,1.0
atm511,w2_510p58_511p42,side_compton_fov_pass,first_hit_volume,TP_L2_00228,2,0.018691588785046728
atm511,w2_510p58_511p42,side_compton_fov_pass,first_hit_volume,TP_L4_00274,2,0.018691588785046728
atm511,w2_510p58_511p42,side_compton_fov_pass,first_hit_volume,TP_L2_00340,2,0.018691588785046728
atm511,w2_510p58_511p42,side_compton_fov_pass,first_hit_volume,TP_L5_00197,2,0.018691588785046728
atm511,w2_510p58_511p42,side_compton_fov_pass,first_hit_volume,TP_L5_00245,2,0.018691588785046728
atm511,w2_510p58_511p42,side_compton_fov_pass,first_hit_volume,TP_L5_00313,2,0.018691588785046728
atm511,w2_510p58_511p42,side_compton_fov_pass,first_hit_volume,TP_L5_00173,1,0.009345794392523364
atm511,w2_510p58_511p42,side_compton_fov_pass,first_hit_volume,TP_L1_00093,1,0.009345794392523364
atm511,w2_510p58_511p42,side_compton_fov_pass,first_hit_volume,TP_L3_00333,1,0.009345794392523364
atm511,w2_510p58_511p42,side_compton_fov_pass,first_hit_volume,TP_L0_00273,1,0.009345794392523364
atm511,w2_510p58_511p42,side_compton_fov_pass,first_hit_volume,TP_L5_00078,1,0.009345794392523364
atm511,w2_510p58_511p42,side_compton_fov_pass,first_hit_volume,TP_L2_00011,1,0.009345794392523364
atm511,w2_510p58_511p42,side_compton_fov_pass,first_hit_volume,TP_L5_00019,1,0.009345794392523364
atm511,w2_510p58_511p42,side_compton_fov_pass,first_hit_volume,TP_L0_00190,1,0.009345794392523364
atm511,w2_510p58_511p42,side_compton_fov_pass,first_hit_volume,TP_L2_00255,1,0.009345794392523364
atm511,w2_510p58_511p42,side_compton_fov_pass,first_hit_volume,TP_L4_00341,1,0.009345794392523364
atm511,w2_510p58_511p42,side_compton_fov_pass,first_hit_volume,TP_L4_00112,1,0.009345794392523364
atm511,w2_510p58_511p42,side_compton_fov_pass,first_hit_volume,TP_L4_00259,1,0.009345794392523364
atm511,w2_510p58_511p42,side_compton_fov_pass,first_hit_volume,TP_L5_00362,1,0.009345794392523364
atm511,w2_510p58_511p42,side_compton_fov_pass,first_hit_volume,TP_L0_00193,1,0.009345794392523364
atm511,w2_510p58_511p42,side_compton_fov_pass,first_hit_volume,TP_L0_00327,1,0.009345794392523364
atm511,w2_510p58_511p42,side_compton_fov_pass,first_hit_volume,TP_L4_00201,1,0.009345794392523364
atm511,w2_510p58_511p42,side_compton_fov_pass,first_hit_volume,TP_L0_00370,1,0.009345794392523364
atm511,w2_510p58_511p42,side_compton_fov_pass,first_hit_volume,TP_L0_00361,1,0.009345794392523364
atm511,w2_510p58_511p42,side_compton_fov_pass,first_hit_volume,TP_L1_00186,1,0.009345794392523364
atm511,w2_510p58_511p42,side_compton_fov_pass,first_hit_volume,TP_L5_00005,1,0.009345794392523364
atm511,w2_510p58_511p42,side_compton_fov_pass,first_hit_volume,TP_L4_00082,1,0.009345794392523364
atm511,w2_510p58_511p42,side_compton_fov_pass,first_hit_volume,TP_L5_00339,1,0.009345794392523364
atm511,w2_510p58_511p42,side_compton_fov_pass,first_hit_volume,TP_L2_00037,1,0.009345794392523364
atm511,w2_510p58_511p42,side_compton_fov_pass,first_hit_volume,TP_L0_00192,1,0.009345794392523364
atm511,w2_510p58_511p42,side_compton_fov_pass,first_hit_volume,TP_L5_00047,1,0.009345794392523364
atm511,w2_510p58_511p42,side_compton_fov_pass,first_hit_volume,TP_L4_00125,1,0.009345794392523364
atm511,w2_510p58_511p42,side_compton_fov_pass,first_hit_volume,TP_L4_00163,1,0.009345794392523364
atm511,w2_510p58_511p42,side_compton_fov_pass,first_hit_volume,TP_L1_00105,1,0.009345794392523364
atm511,w2_510p58_511p42,side_compton_fov_pass,first_hit_volume,TP_L1_00269,1,0.009345794392523364
atm511,w2_510p58_511p42,side_compton_fov_pass,first_hit_volume,TP_L0_00369,1,0.009345794392523364
atm511,w2_510p58_511p42,side_compton_fov_pass,first_hit_volume,TP_L4_00306,1,0.009345794392523364
atm511,w2_510p58_511p42,side_compton_fov_pass,first_hit_volume,TP_L4_00305,1,0.009345794392523364
atm511,w2_510p58_511p42,side_compton_fov_pass,first_hit_volume,TP_L0_00355,1,0.009345794392523364
atm511,w2_510p58_511p42,side_compton_fov_pass,first_hit_volume,TP_L5_00132,1,0.009345794392523364
atm511,w2_510p58_511p42,side_compton_fov_pass,first_hit_volume,TP_L0_00320,1,0.009345794392523364
atm511,w2_510p58_511p42,side_compton_fov_pass,first_hit_volume,TP_L4_00194,1,0.009345794392523364
atm511,w2_510p58_511p42,side_compton_fov_pass,first_hit_volume,TP_L1_00229,1,0.009345794392523364
atm511,w2_510p58_511p42,side_compton_fov_pass,first_hit_volume,TP_L2_00276,1,0.009345794392523364
atm511,w2_510p58_511p42,side_compton_fov_pass,first_hit_volume,TP_L5_00194,1,0.009345794392523364
atm511,w2_510p58_511p42,side_compton_fov_pass,first_hit_volume,TP_L5_00143,1,0.009345794392523364
atm511,w2_510p58_511p42,side_compton_fov_pass,first_hit_volume,TP_L1_00292,1,0.009345794392523364
atm511,w2_510p58_511p42,side_compton_fov_pass,first_hit_volume,TP_L3_00058,1,0.009345794392523364
atm511,w2_510p58_511p42,side_compton_fov_pass,first_hit_volume,TP_L5_00030,1,0.009345794392523364
atm511,w2_510p58_511p42,side_compton_fov_pass,first_hit_volume,TP_L3_00052,1,0.009345794392523364
atm511,w2_510p58_511p42,side_compton_fov_pass,first_hit_volume,TP_L0_00354,1,0.009345794392523364
atm511,w2_510p58_511p42,side_compton_fov_pass,first_hit_volume,TP_L0_00344,1,0.009345794392523364
atm511,w2_510p58_511p42,side_compton_fov_pass,first_hit_volume,TP_L3_00170,1,0.009345794392523364
atm511,w2_510p58_511p42,side_compton_fov_pass,first_hit_volume,TP_L4_00068,1,0.009345794392523364
atm511,w2_510p58_511p42,side_compton_fov_pass,first_hit_volume,TP_L3_00255,1,0.009345794392523364
atm511,w2_510p58_511p42,side_compton_fov_pass,first_hit_volume,TP_L3_00280,1,0.009345794392523364
atm511,w2_510p58_511p42,side_compton_fov_pass,first_hit_volume,TP_L4_00091,1,0.009345794392523364
atm511,w2_510p58_511p42,side_compton_fov_pass,first_hit_volume,TP_L4_00098,1,0.009345794392523364
atm511,w2_510p58_511p42,side_compton_fov_pass,first_hit_volume,TP_L0_00257,1,0.009345794392523364
atm511,w2_510p58_511p42,side_compton_fov_pass,first_hit_volume,TP_L3_00373,1,0.009345794392523364
atm511,w2_510p58_511p42,side_compton_fov_pass,first_hit_volume,TP_L3_00261,1,0.009345794392523364
atm511,w2_510p58_511p42,side_compton_fov_pass,first_hit_volume,TP_L4_00022,1,0.009345794392523364
atm511,w2_510p58_511p42,side_compton_fov_pass,first_hit_volume,TP_L0_00205,1,0.009345794392523364
atm511,w2_510p58_511p42,side_compton_fov_pass,first_hit_volume,TP_L5_00206,1,0.009345794392523364
atm511,w2_510p58_511p42,side_compton_fov_pass,first_hit_volume,TP_L3_00294,1,0.009345794392523364
atm511,w2_510p58_511p42,side_compton_fov_pass,first_hit_volume,TP_L2_00372,1,0.009345794392523364
atm511,w2_510p58_511p42,side_compton_fov_pass,first_hit_volume,TP_L0_00244,1,0.009345794392523364
atm511,w2_510p58_511p42,side_compton_fov_pass,first_hit_volume,TP_L5_00360,1,0.009345794392523364
atm511,w2_510p58_511p42,side_compton_fov_pass,first_hit_volume,TP_L3_00301,1,0.009345794392523364
atm511,w2_510p58_511p42,side_compton_fov_pass,first_hit_volume,TP_L2_00342,1,0.009345794392523364
atm511,w2_510p58_511p42,side_compton_fov_pass,first_hit_volume,TP_L3_00258,1,0.009345794392523364
atm511,w2_510p58_511p42,side_compton_fov_pass,first_hit_volume,TP_L1_00363,1,0.009345794392523364
atm511,w2_510p58_511p42,side_compton_fov_pass,first_hit_volume,TP_L5_00235,1,0.009345794392523364
atm511,w2_510p58_511p42,side_compton_fov_pass,first_hit_volume,TP_L0_00337,1,0.009345794392523364
atm511,w2_510p58_511p42,side_compton_fov_pass,first_hit_volume,TP_L5_00073,1,0.009345794392523364
atm511,w2_510p58_511p42,side_compton_fov_pass,first_hit_volume,TP_L0_00188,1,0.009345794392523364
atm511,w2_510p58_511p42,side_compton_fov_pass,first_hit_volume,TP_L1_00128,1,0.009345794392523364
atm511,w2_510p58_511p42,side_compton_fov_pass,first_hit_volume,TP_L2_00002,1,0.009345794392523364
atm511,w2_510p58_511p42,side_compton_fov_pass,first_hit_volume,TP_L0_00198,1,0.009345794392523364
atm511,w2_510p58_511p42,side_compton_fov_pass,first_hit_volume,TP_L2_00363,1,0.009345794392523364
atm511,w2_510p58_511p42,side_compton_fov_pass,first_hit_volume,TP_L5_00188,1,0.009345794392523364
atm511,w2_510p58_511p42,side_compton_fov_pass,first_hit_volume,TP_L2_00320,1,0.009345794392523364
atm511,w2_510p58_511p42,side_compton_fov_pass,first_hit_volume,TP_L1_00155,1,0.009345794392523364
atm511,w2_510p58_511p42,side_compton_fov_pass,first_hit_volume,TP_L0_00277,1,0.009345794392523364
atm511,w2_510p58_511p42,side_compton_fov_pass,first_hit_volume,TP_L4_00343,1,0.009345794392523364
atm511,w2_510p58_511p42,side_compton_fov_pass,first_hit_volume,TP_L1_00319,1,0.009345794392523364
atm511,w2_510p58_511p42,side_compton_fov_pass,first_hit_volume,TP_L1_00258,1,0.009345794392523364
atm511,w2_510p58_511p42,side_compton_fov_pass,first_hit_volume,TP_L5_00131,1,0.009345794392523364
atm511,w2_510p58_511p42,side_compton_fov_pass,first_hit_volume,TP_L1_00287,1,0.009345794392523364
atm511,w2_510p58_511p42,side_compton_fov_pass,first_hit_volume,TP_L3_00034,1,0.009345794392523364
atm511,w2_510p58_511p42,side_compton_fov_pass,first_hit_volume,TP_L5_00081,1,0.009345794392523364
atm511,w2_510p58_511p42,side_compton_fov_pass,first_hit_volume,TP_L3_00311,1,0.009345794392523364
atm511,w2_510p58_511p42,side_compton_fov_pass,first_hit_volume,TP_L5_00254,1,0.009345794392523364
atm511,w2_510p58_511p42,side_compton_fov_pass,first_hit_volume,TP_L2_00270,1,0.009345794392523364
atm511,w2_510p58_511p42,side_compton_fov_pass,first_hit_volume,TP_L4_00151,1,0.009345794392523364
atm511,w2_510p58_511p42,side_compton_fov_pass,first_hit_volume,TP_L1_00284,1,0.009345794392523364
atm511,w2_510p58_511p42,side_compton_fov_pass,first_hit_volume,TP_L0_00253,1,0.009345794392523364
atm511,w2_510p58_511p42,side_compton_fov_pass,first_hit_volume,TP_L5_00331,1,0.009345794392523364
atm511,w2_510p58_511p42,side_compton_fov_pass,first_hit_volume,TP_L4_00162,1,0.009345794392523364
atm511,w2_510p58_511p42,side_compton_fov_pass,first_hit_volume,TP_L1_00193,1,0.009345794392523364
atm511,w2_510p58_511p42,side_compton_fov_pass,first_hit_volume,TP_L1_00122,1,0.009345794392523364
eplus,w2_510p58_511p42,raw,entry_surface_proxy,side,35,0.5645161290322581
eplus,w2_510p58_511p42,raw,entry_surface_proxy,top,14,0.22580645161290322
eplus,w2_510p58_511p42,raw,entry_surface_proxy,miss_current_outer_envelope,13,0.20967741935483872
eplus,w2_510p58_511p42,raw,entry_region_proxy,side_phi03_135deg,8,0.12903225806451613
eplus,w2_510p58_511p42,raw,entry_region_proxy,side_phi06_270deg,6,0.0967741935483871
eplus,w2_510p58_511p42,raw,entry_region_proxy,side_phi00_000deg,6,0.0967741935483871
eplus,w2_510p58_511p42,raw,entry_region_proxy,phi04_180deg,5,0.08064516129032258
eplus,w2_510p58_511p42,raw,entry_region_proxy,side_phi05_225deg,4,0.06451612903225806
eplus,w2_510p58_511p42,raw,entry_region_proxy,side_neg_x_window_axis_pm15deg,4,0.06451612903225806
eplus,w2_510p58_511p42,raw,entry_region_proxy,side_phi07_315deg,4,0.06451612903225806
eplus,w2_510p58_511p42,raw,entry_region_proxy,top_phi00_000deg,3,0.04838709677419355
eplus,w2_510p58_511p42,raw,entry_region_proxy,side_phi02_090deg,3,0.04838709677419355
eplus,w2_510p58_511p42,raw,entry_region_proxy,top_phi02_090deg,3,0.04838709677419355
eplus,w2_510p58_511p42,raw,entry_region_proxy,top_phi05_225deg,2,0.03225806451612903
eplus,w2_510p58_511p42,raw,entry_region_proxy,top_phi01_045deg,2,0.03225806451612903
eplus,w2_510p58_511p42,raw,entry_region_proxy,phi01_045deg,2,0.03225806451612903
eplus,w2_510p58_511p42,raw,entry_region_proxy,top_phi06_270deg,2,0.03225806451612903
eplus,w2_510p58_511p42,raw,entry_region_proxy,phi00_000deg,2,0.03225806451612903
eplus,w2_510p58_511p42,raw,entry_region_proxy,phi06_270deg,1,0.016129032258064516
eplus,w2_510p58_511p42,raw,entry_region_proxy,phi03_135deg,1,0.016129032258064516
eplus,w2_510p58_511p42,raw,entry_region_proxy,phi05_225deg,1,0.016129032258064516
eplus,w2_510p58_511p42,raw,entry_region_proxy,phi02_090deg,1,0.016129032258064516
eplus,w2_510p58_511p42,raw,entry_region_proxy,top_phi07_315deg,1,0.016129032258064516
eplus,w2_510p58_511p42,raw,entry_region_proxy,top_phi04_180deg,1,0.016129032258064516
eplus,w2_510p58_511p42,raw,first_hit_category,geoopt_plastic_active,41,0.6612903225806451
eplus,w2_510p58_511p42,raw,first_hit_category,outer_mechanics,11,0.1774193548387097
eplus,w2_510p58_511p42,raw,first_hit_category,tes,10,0.16129032258064516
eplus,w2_510p58_511p42,raw,first_hit_volume,GeoOpt_S1_PlasticFullWrap_SideShell_5mm,33,0.532258064516129
eplus,w2_510p58_511p42,raw,first_hit_volume,Vacuum_Jacket_Al_266mmClass_side_port_side_wall_above_side_port,11,0.1774193548387097
eplus,w2_510p58_511p42,raw,first_hit_volume,GeoOpt_S1_PlasticFullWrap_TopCap_5mm,7,0.11290322580645161
eplus,w2_510p58_511p42,raw,first_hit_volume,TP_L1_00360,1,0.016129032258064516
eplus,w2_510p58_511p42,raw,first_hit_volume,TP_L2_00019,1,0.016129032258064516
eplus,w2_510p58_511p42,raw,first_hit_volume,TP_L3_00081,1,0.016129032258064516
eplus,w2_510p58_511p42,raw,first_hit_volume,TP_L2_00163,1,0.016129032258064516
eplus,w2_510p58_511p42,raw,first_hit_volume,TP_L1_00007,1,0.016129032258064516
eplus,w2_510p58_511p42,raw,first_hit_volume,TP_L0_00237,1,0.016129032258064516
eplus,w2_510p58_511p42,raw,first_hit_volume,TP_L0_00046,1,0.016129032258064516
eplus,w2_510p58_511p42,raw,first_hit_volume,TP_L4_00113,1,0.016129032258064516
eplus,w2_510p58_511p42,raw,first_hit_volume,TP_L5_00006,1,0.016129032258064516
eplus,w2_510p58_511p42,raw,first_hit_volume,GeoOpt_S1_PlasticFullWrap_BottomCap_5mm,1,0.016129032258064516
eplus,w2_510p58_511p42,raw,first_hit_volume,TP_L0_00360,1,0.016129032258064516
eplus,w2_510p58_511p42,active_veto_pass,entry_surface_proxy,side,14,0.35
eplus,w2_510p58_511p42,active_veto_pass,entry_surface_proxy,top,13,0.325
eplus,w2_510p58_511p42,active_veto_pass,entry_surface_proxy,miss_current_outer_envelope,13,0.325
eplus,w2_510p58_511p42,active_veto_pass,entry_region_proxy,phi04_180deg,5,0.125
eplus,w2_510p58_511p42,active_veto_pass,entry_region_proxy,side_phi06_270deg,4,0.1
eplus,w2_510p58_511p42,active_veto_pass,entry_region_proxy,top_phi00_000deg,3,0.075
eplus,w2_510p58_511p42,active_veto_pass,entry_region_proxy,top_phi02_090deg,3,0.075
eplus,w2_510p58_511p42,active_veto_pass,entry_region_proxy,side_phi00_000deg,3,0.075
eplus,w2_510p58_511p42,active_veto_pass,entry_region_proxy,top_phi05_225deg,2,0.05
eplus,w2_510p58_511p42,active_veto_pass,entry_region_proxy,top_phi01_045deg,2,0.05
eplus,w2_510p58_511p42,active_veto_pass,entry_region_proxy,phi01_045deg,2,0.05
eplus,w2_510p58_511p42,active_veto_pass,entry_region_proxy,phi00_000deg,2,0.05
eplus,w2_510p58_511p42,active_veto_pass,entry_region_proxy,side_phi05_225deg,2,0.05
eplus,w2_510p58_511p42,active_veto_pass,entry_region_proxy,side_phi03_135deg,2,0.05
eplus,w2_510p58_511p42,active_veto_pass,entry_region_proxy,phi06_270deg,1,0.025
eplus,w2_510p58_511p42,active_veto_pass,entry_region_proxy,phi03_135deg,1,0.025
eplus,w2_510p58_511p42,active_veto_pass,entry_region_proxy,phi05_225deg,1,0.025
eplus,w2_510p58_511p42,active_veto_pass,entry_region_proxy,phi02_090deg,1,0.025
eplus,w2_510p58_511p42,active_veto_pass,entry_region_proxy,top_phi07_315deg,1,0.025
eplus,w2_510p58_511p42,active_veto_pass,entry_region_proxy,side_phi02_090deg,1,0.025
eplus,w2_510p58_511p42,active_veto_pass,entry_region_proxy,side_phi07_315deg,1,0.025
eplus,w2_510p58_511p42,active_veto_pass,entry_region_proxy,side_neg_x_window_axis_pm15deg,1,0.025
eplus,w2_510p58_511p42,active_veto_pass,entry_region_proxy,top_phi06_270deg,1,0.025
eplus,w2_510p58_511p42,active_veto_pass,entry_region_proxy,top_phi04_180deg,1,0.025
eplus,w2_510p58_511p42,active_veto_pass,first_hit_category,geoopt_plastic_active,19,0.475
eplus,w2_510p58_511p42,active_veto_pass,first_hit_category,outer_mechanics,11,0.275
eplus,w2_510p58_511p42,active_veto_pass,first_hit_category,tes,10,0.25
eplus,w2_510p58_511p42,active_veto_pass,first_hit_volume,GeoOpt_S1_PlasticFullWrap_SideShell_5mm,13,0.325
eplus,w2_510p58_511p42,active_veto_pass,first_hit_volume,Vacuum_Jacket_Al_266mmClass_side_port_side_wall_above_side_port,11,0.275
eplus,w2_510p58_511p42,active_veto_pass,first_hit_volume,GeoOpt_S1_PlasticFullWrap_TopCap_5mm,6,0.15
eplus,w2_510p58_511p42,active_veto_pass,first_hit_volume,TP_L1_00360,1,0.025
eplus,w2_510p58_511p42,active_veto_pass,first_hit_volume,TP_L2_00019,1,0.025
eplus,w2_510p58_511p42,active_veto_pass,first_hit_volume,TP_L3_00081,1,0.025
eplus,w2_510p58_511p42,active_veto_pass,first_hit_volume,TP_L2_00163,1,0.025
eplus,w2_510p58_511p42,active_veto_pass,first_hit_volume,TP_L1_00007,1,0.025
eplus,w2_510p58_511p42,active_veto_pass,first_hit_volume,TP_L0_00237,1,0.025
eplus,w2_510p58_511p42,active_veto_pass,first_hit_volume,TP_L0_00046,1,0.025
eplus,w2_510p58_511p42,active_veto_pass,first_hit_volume,TP_L4_00113,1,0.025
eplus,w2_510p58_511p42,active_veto_pass,first_hit_volume,TP_L5_00006,1,0.025
eplus,w2_510p58_511p42,active_veto_pass,first_hit_volume,TP_L0_00360,1,0.025
eplus,w2_510p58_511p42,side_compton_fov_pass,entry_surface_proxy,side,13,0.37142857142857144
eplus,w2_510p58_511p42,side_compton_fov_pass,entry_surface_proxy,top,11,0.3142857142857143
eplus,w2_510p58_511p42,side_compton_fov_pass,entry_surface_proxy,miss_current_outer_envelope,11,0.3142857142857143
eplus,w2_510p58_511p42,side_compton_fov_pass,entry_region_proxy,phi04_180deg,4,0.11428571428571428
eplus,w2_510p58_511p42,side_compton_fov_pass,entry_region_proxy,top_phi00_000deg,3,0.08571428571428572
eplus,w2_510p58_511p42,side_compton_fov_pass,entry_region_proxy,top_phi02_090deg,3,0.08571428571428572
eplus,w2_510p58_511p42,side_compton_fov_pass,entry_region_proxy,side_phi00_000deg,3,0.08571428571428572
eplus,w2_510p58_511p42,side_compton_fov_pass,entry_region_proxy,side_phi06_270deg,3,0.08571428571428572
eplus,w2_510p58_511p42,side_compton_fov_pass,entry_region_proxy,top_phi05_225deg,2,0.05714285714285714
eplus,w2_510p58_511p42,side_compton_fov_pass,entry_region_proxy,top_phi01_045deg,2,0.05714285714285714
eplus,w2_510p58_511p42,side_compton_fov_pass,entry_region_proxy,phi00_000deg,2,0.05714285714285714
eplus,w2_510p58_511p42,side_compton_fov_pass,entry_region_proxy,side_phi05_225deg,2,0.05714285714285714
eplus,w2_510p58_511p42,side_compton_fov_pass,entry_region_proxy,side_phi03_135deg,2,0.05714285714285714
eplus,w2_510p58_511p42,side_compton_fov_pass,entry_region_proxy,phi06_270deg,1,0.02857142857142857
eplus,w2_510p58_511p42,side_compton_fov_pass,entry_region_proxy,phi03_135deg,1,0.02857142857142857
eplus,w2_510p58_511p42,side_compton_fov_pass,entry_region_proxy,phi05_225deg,1,0.02857142857142857
eplus,w2_510p58_511p42,side_compton_fov_pass,entry_region_proxy,phi01_045deg,1,0.02857142857142857
eplus,w2_510p58_511p42,side_compton_fov_pass,entry_region_proxy,phi02_090deg,1,0.02857142857142857
eplus,w2_510p58_511p42,side_compton_fov_pass,entry_region_proxy,side_phi02_090deg,1,0.02857142857142857
eplus,w2_510p58_511p42,side_compton_fov_pass,entry_region_proxy,side_phi07_315deg,1,0.02857142857142857
eplus,w2_510p58_511p42,side_compton_fov_pass,entry_region_proxy,side_neg_x_window_axis_pm15deg,1,0.02857142857142857
eplus,w2_510p58_511p42,side_compton_fov_pass,entry_region_proxy,top_phi06_270deg,1,0.02857142857142857
eplus,w2_510p58_511p42,side_compton_fov_pass,first_hit_category,geoopt_plastic_active,17,0.4857142857142857
eplus,w2_510p58_511p42,side_compton_fov_pass,first_hit_category,outer_mechanics,11,0.3142857142857143
eplus,w2_510p58_511p42,side_compton_fov_pass,first_hit_category,tes,7,0.2
eplus,w2_510p58_511p42,side_compton_fov_pass,first_hit_volume,GeoOpt_S1_PlasticFullWrap_SideShell_5mm,12,0.34285714285714286
eplus,w2_510p58_511p42,side_compton_fov_pass,first_hit_volume,Vacuum_Jacket_Al_266mmClass_side_port_side_wall_above_side_port,11,0.3142857142857143
eplus,w2_510p58_511p42,side_compton_fov_pass,first_hit_volume,GeoOpt_S1_PlasticFullWrap_TopCap_5mm,5,0.14285714285714285
eplus,w2_510p58_511p42,side_compton_fov_pass,first_hit_volume,TP_L2_00019,1,0.02857142857142857
eplus,w2_510p58_511p42,side_compton_fov_pass,first_hit_volume,TP_L3_00081,1,0.02857142857142857
eplus,w2_510p58_511p42,side_compton_fov_pass,first_hit_volume,TP_L2_00163,1,0.02857142857142857
eplus,w2_510p58_511p42,side_compton_fov_pass,first_hit_volume,TP_L0_00237,1,0.02857142857142857
eplus,w2_510p58_511p42,side_compton_fov_pass,first_hit_volume,TP_L0_00046,1,0.02857142857142857
eplus,w2_510p58_511p42,side_compton_fov_pass,first_hit_volume,TP_L5_00006,1,0.02857142857142857
eplus,w2_510p58_511p42,side_compton_fov_pass,first_hit_volume,TP_L0_00360,1,0.02857142857142857
n,w2_510p58_511p42,raw,entry_surface_proxy,side,29,0.48333333333333334
n,w2_510p58_511p42,raw,entry_surface_proxy,top,13,0.21666666666666667
n,w2_510p58_511p42,raw,entry_surface_proxy,bottom,10,0.16666666666666666
n,w2_510p58_511p42,raw,entry_surface_proxy,miss_current_outer_envelope,8,0.13333333333333333
n,w2_510p58_511p42,raw,entry_region_proxy,side_phi02_090deg,7,0.11666666666666667
n,w2_510p58_511p42,raw,entry_region_proxy,side_phi00_000deg,7,0.11666666666666667
n,w2_510p58_511p42,raw,entry_region_proxy,side_phi07_315deg,4,0.06666666666666667
n,w2_510p58_511p42,raw,entry_region_proxy,side_phi03_135deg,4,0.06666666666666667
n,w2_510p58_511p42,raw,entry_region_proxy,top_phi00_000deg,3,0.05
n,w2_510p58_511p42,raw,entry_region_proxy,side_phi01_045deg,3,0.05
n,w2_510p58_511p42,raw,entry_region_proxy,top_phi06_270deg,3,0.05
n,w2_510p58_511p42,raw,entry_region_proxy,top_phi03_135deg,3,0.05
n,w2_510p58_511p42,raw,entry_region_proxy,side_phi05_225deg,3,0.05
n,w2_510p58_511p42,raw,entry_region_proxy,phi05_225deg,2,0.03333333333333333
n,w2_510p58_511p42,raw,entry_region_proxy,bottom_phi03_135deg,2,0.03333333333333333
n,w2_510p58_511p42,raw,entry_region_proxy,phi03_135deg,2,0.03333333333333333
n,w2_510p58_511p42,raw,entry_region_proxy,bottom_phi04_180deg,2,0.03333333333333333
n,w2_510p58_511p42,raw,entry_region_proxy,top_phi01_045deg,1,0.016666666666666666
n,w2_510p58_511p42,raw,entry_region_proxy,side_phi06_270deg,1,0.016666666666666666
n,w2_510p58_511p42,raw,entry_region_proxy,bottom_phi01_045deg,1,0.016666666666666666
n,w2_510p58_511p42,raw,entry_region_proxy,phi06_270deg,1,0.016666666666666666
n,w2_510p58_511p42,raw,entry_region_proxy,phi01_045deg,1,0.016666666666666666
n,w2_510p58_511p42,raw,entry_region_proxy,top_phi07_315deg,1,0.016666666666666666
n,w2_510p58_511p42,raw,entry_region_proxy,bottom_phi05_225deg,1,0.016666666666666666
n,w2_510p58_511p42,raw,entry_region_proxy,bottom_phi00_000deg,1,0.016666666666666666
n,w2_510p58_511p42,raw,entry_region_proxy,phi04_180deg,1,0.016666666666666666
n,w2_510p58_511p42,raw,entry_region_proxy,bottom_phi06_270deg,1,0.016666666666666666
n,w2_510p58_511p42,raw,entry_region_proxy,phi07_315deg,1,0.016666666666666666
n,w2_510p58_511p42,raw,entry_region_proxy,bottom_phi02_090deg,1,0.016666666666666666
n,w2_510p58_511p42,raw,entry_region_proxy,bottom_phi07_315deg,1,0.016666666666666666
n,w2_510p58_511p42,raw,entry_region_proxy,top_phi02_090deg,1,0.016666666666666666
n,w2_510p58_511p42,raw,entry_region_proxy,top_phi05_225deg,1,0.016666666666666666
n,w2_510p58_511p42,raw,first_hit_category,csi_active,21,0.35
n,w2_510p58_511p42,raw,first_hit_category,other,13,0.21666666666666667
n,w2_510p58_511p42,raw,first_hit_category,geoopt_plastic_active,9,0.15
n,w2_510p58_511p42,raw,first_hit_category,outer_mechanics,7,0.11666666666666667
n,w2_510p58_511p42,raw,first_hit_category,window_or_side_port,4,0.06666666666666667
n,w2_510p58_511p42,raw,first_hit_category,g10_passive,3,0.05
n,w2_510p58_511p42,raw,first_hit_category,passive_shield_or_collimator,3,0.05
n,w2_510p58_511p42,raw,first_hit_volume,GeoOpt_S1_PlasticFullWrap_SideShell_5mm,8,0.13333333333333333
n,w2_510p58_511p42,raw,first_hit_volume,ColdPlate_CP_100mK_intercept,4,0.06666666666666667
n,w2_510p58_511p42,raw,first_hit_volume,CsI_Side_Segment_01,3,0.05
n,w2_510p58_511p42,raw,first_hit_volume,Outer_Al_Mechanical_Shell_detector_bay_side_wall_below_side_port,2,0.03333333333333333
n,w2_510p58_511p42,raw,first_hit_volume,CsI_Side_Segment_06,2,0.03333333333333333
n,w2_510p58_511p42,raw,first_hit_volume,Shield_60K_Al_side_window_side_wall_above_side_port,2,0.03333333333333333
n,w2_510p58_511p42,raw,first_hit_volume,ColdPlate_4K,2,0.03333333333333333
n,w2_510p58_511p42,raw,first_hit_volume,CsI_Bottom_Quadrant_02,2,0.03333333333333333
n,w2_510p58_511p42,raw,first_hit_volume,CsI_Bottom_Quadrant_01,2,0.03333333333333333
n,w2_510p58_511p42,raw,first_hit_volume,CsI_Side_Segment_07,2,0.03333333333333333
n,w2_510p58_511p42,raw,first_hit_volume,CsI_Bottom_Quadrant_03,2,0.03333333333333333
n,w2_510p58_511p42,raw,first_hit_volume,MuMetal_MagShield_Outer_Cylinder_2mm,1,0.016666666666666666
n,w2_510p58_511p42,raw,first_hit_volume,CsI_TopAnnulus_Segment_07,1,0.016666666666666666
n,w2_510p58_511p42,raw,first_hit_volume,Shield_4K_Al_side_window_bottom_cap,1,0.016666666666666666
n,w2_510p58_511p42,raw,first_hit_volume,G10_Support_Ring_60K_Top,1,0.016666666666666666
n,w2_510p58_511p42,raw,first_hit_volume,CsI_Bottom_Quadrant_00,1,0.016666666666666666
n,w2_510p58_511p42,raw,first_hit_volume,Outer_Al_Mechanical_Shell_detector_bay_bottom_cap,1,0.016666666666666666
n,w2_510p58_511p42,raw,first_hit_volume,Cu_50mK_StillLike_Can_bottom_cap_2mm,1,0.016666666666666666
n,w2_510p58_511p42,raw,first_hit_volume,G10_Support_Ring_Still_4K,1,0.016666666666666666
n,w2_510p58_511p42,raw,first_hit_volume,G10_Support_Ring_4K_60K,1,0.016666666666666666
n,w2_510p58_511p42,raw,first_hit_volume,ColdPlate_Still_0p7K,1,0.016666666666666666
n,w2_510p58_511p42,raw,first_hit_volume,Plate_300K_Top_Service_Lid,1,0.016666666666666666
n,w2_510p58_511p42,raw,first_hit_volume,Outer_Al_Mechanical_Shell_detector_bay_side_wall_above_side_port,1,0.016666666666666666
n,w2_510p58_511p42,raw,first_hit_volume,CsI_Side_Segment_04_rectcut_window_band,1,0.016666666666666666
n,w2_510p58_511p42,raw,first_hit_volume,ActiveShield_Flex_Kapton_detector_bay_above_side_port,1,0.016666666666666666
n,w2_510p58_511p42,raw,first_hit_volume,Nb_MagShield_Inner_Cylinder_2mm,1,0.016666666666666666
n,w2_510p58_511p42,raw,first_hit_volume,CsI_Side_Segment_04_below_side_port,1,0.016666666666666666
n,w2_510p58_511p42,raw,first_hit_volume,DR_MXC_Sinter_HEX_AgProxy,1,0.016666666666666666
n,w2_510p58_511p42,raw,first_hit_volume,MuMetal_MagShield_Outer_Back_ColdFingerCap_2mm,1,0.016666666666666666
n,w2_510p58_511p42,raw,first_hit_volume,Still_Shield_Al_side_window_bottom_cap,1,0.016666666666666666
n,w2_510p58_511p42,raw,first_hit_volume,GeoOpt_S1_PlasticFullWrap_BottomCap_5mm,1,0.016666666666666666
n,w2_510p58_511p42,raw,first_hit_volume,NbTi_Bundle_Still_4K,1,0.016666666666666666
n,w2_510p58_511p42,raw,first_hit_volume,CsI_Side_Segment_03_above_side_port,1,0.016666666666666666
n,w2_510p58_511p42,raw,first_hit_volume,Passive_W_Bottom_Plate_detector_bay,1,0.016666666666666666
n,w2_510p58_511p42,raw,first_hit_volume,ActiveShield_Flex_Kapton_detector_bay_below_side_port,1,0.016666666666666666
n,w2_510p58_511p42,raw,first_hit_volume,Vacuum_Jacket_Al_266mmClass_side_port_side_wall_above_side_port,1,0.016666666666666666
n,w2_510p58_511p42,raw,first_hit_volume,CsI_Side_Segment_05,1,0.016666666666666666
n,w2_510p58_511p42,raw,first_hit_volume,CsI_TopAnnulus_Segment_04,1,0.016666666666666666
n,w2_510p58_511p42,raw,first_hit_volume,CsI_Side_Segment_00,1,0.016666666666666666
n,w2_510p58_511p42,raw,first_hit_volume,ColdPlate_MXC_50mK_SD_anchor,1,0.016666666666666666
n,w2_510p58_511p42,active_veto_pass,entry_surface_proxy,top,6,0.46153846153846156
n,w2_510p58_511p42,active_veto_pass,entry_surface_proxy,miss_current_outer_envelope,3,0.23076923076923078
n,w2_510p58_511p42,active_veto_pass,entry_surface_proxy,side,2,0.15384615384615385
n,w2_510p58_511p42,active_veto_pass,entry_surface_proxy,bottom,2,0.15384615384615385
n,w2_510p58_511p42,active_veto_pass,entry_region_proxy,top_phi06_270deg,2,0.15384615384615385
n,w2_510p58_511p42,active_veto_pass,entry_region_proxy,side_phi01_045deg,1,0.07692307692307693
n,w2_510p58_511p42,active_veto_pass,entry_region_proxy,top_phi01_045deg,1,0.07692307692307693
n,w2_510p58_511p42,active_veto_pass,entry_region_proxy,phi05_225deg,1,0.07692307692307693
n,w2_510p58_511p42,active_veto_pass,entry_region_proxy,side_phi00_000deg,1,0.07692307692307693
n,w2_510p58_511p42,active_veto_pass,entry_region_proxy,top_phi07_315deg,1,0.07692307692307693
n,w2_510p58_511p42,active_veto_pass,entry_region_proxy,bottom_phi06_270deg,1,0.07692307692307693
n,w2_510p58_511p42,active_veto_pass,entry_region_proxy,phi07_315deg,1,0.07692307692307693
n,w2_510p58_511p42,active_veto_pass,entry_region_proxy,top_phi03_135deg,1,0.07692307692307693
n,w2_510p58_511p42,active_veto_pass,entry_region_proxy,bottom_phi07_315deg,1,0.07692307692307693
n,w2_510p58_511p42,active_veto_pass,entry_region_proxy,phi03_135deg,1,0.07692307692307693
n,w2_510p58_511p42,active_veto_pass,entry_region_proxy,top_phi02_090deg,1,0.07692307692307693
n,w2_510p58_511p42,active_veto_pass,first_hit_category,other,4,0.3076923076923077
n,w2_510p58_511p42,active_veto_pass,first_hit_category,geoopt_plastic_active,2,0.15384615384615385
n,w2_510p58_511p42,active_veto_pass,first_hit_category,g10_passive,2,0.15384615384615385
n,w2_510p58_511p42,active_veto_pass,first_hit_category,csi_active,2,0.15384615384615385
n,w2_510p58_511p42,active_veto_pass,first_hit_category,passive_shield_or_collimator,1,0.07692307692307693
n,w2_510p58_511p42,active_veto_pass,first_hit_category,window_or_side_port,1,0.07692307692307693
n,w2_510p58_511p42,active_veto_pass,first_hit_category,outer_mechanics,1,0.07692307692307693
n,w2_510p58_511p42,active_veto_pass,first_hit_volume,ColdPlate_CP_100mK_intercept,3,0.23076923076923078
n,w2_510p58_511p42,active_veto_pass,first_hit_volume,GeoOpt_S1_PlasticFullWrap_SideShell_5mm,2,0.15384615384615385
n,w2_510p58_511p42,active_veto_pass,first_hit_volume,G10_Support_Ring_60K_Top,1,0.07692307692307693
n,w2_510p58_511p42,active_veto_pass,first_hit_volume,G10_Support_Ring_Still_4K,1,0.07692307692307693
n,w2_510p58_511p42,active_veto_pass,first_hit_volume,CsI_Side_Segment_07,1,0.07692307692307693
n,w2_510p58_511p42,active_veto_pass,first_hit_volume,Nb_MagShield_Inner_Cylinder_2mm,1,0.07692307692307693
n,w2_510p58_511p42,active_veto_pass,first_hit_volume,NbTi_Bundle_Still_4K,1,0.07692307692307693
n,w2_510p58_511p42,active_veto_pass,first_hit_volume,Shield_60K_Al_side_window_side_wall_above_side_port,1,0.07692307692307693
n,w2_510p58_511p42,active_veto_pass,first_hit_volume,CsI_Side_Segment_06,1,0.07692307692307693
n,w2_510p58_511p42,active_veto_pass,first_hit_volume,Vacuum_Jacket_Al_266mmClass_side_port_side_wall_above_side_port,1,0.07692307692307693
n,w2_510p58_511p42,side_compton_fov_pass,entry_surface_proxy,top,6,0.46153846153846156
n,w2_510p58_511p42,side_compton_fov_pass,entry_surface_proxy,miss_current_outer_envelope,3,0.23076923076923078
n,w2_510p58_511p42,side_compton_fov_pass,entry_surface_proxy,side,2,0.15384615384615385
n,w2_510p58_511p42,side_compton_fov_pass,entry_surface_proxy,bottom,2,0.15384615384615385
n,w2_510p58_511p42,side_compton_fov_pass,entry_region_proxy,top_phi06_270deg,2,0.15384615384615385
n,w2_510p58_511p42,side_compton_fov_pass,entry_region_proxy,side_phi01_045deg,1,0.07692307692307693
n,w2_510p58_511p42,side_compton_fov_pass,entry_region_proxy,top_phi01_045deg,1,0.07692307692307693
n,w2_510p58_511p42,side_compton_fov_pass,entry_region_proxy,phi05_225deg,1,0.07692307692307693
n,w2_510p58_511p42,side_compton_fov_pass,entry_region_proxy,side_phi00_000deg,1,0.07692307692307693
n,w2_510p58_511p42,side_compton_fov_pass,entry_region_proxy,top_phi07_315deg,1,0.07692307692307693
n,w2_510p58_511p42,side_compton_fov_pass,entry_region_proxy,bottom_phi06_270deg,1,0.07692307692307693
n,w2_510p58_511p42,side_compton_fov_pass,entry_region_proxy,phi07_315deg,1,0.07692307692307693
n,w2_510p58_511p42,side_compton_fov_pass,entry_region_proxy,top_phi03_135deg,1,0.07692307692307693
n,w2_510p58_511p42,side_compton_fov_pass,entry_region_proxy,bottom_phi07_315deg,1,0.07692307692307693
n,w2_510p58_511p42,side_compton_fov_pass,entry_region_proxy,phi03_135deg,1,0.07692307692307693
n,w2_510p58_511p42,side_compton_fov_pass,entry_region_proxy,top_phi02_090deg,1,0.07692307692307693
n,w2_510p58_511p42,side_compton_fov_pass,first_hit_category,other,4,0.3076923076923077
n,w2_510p58_511p42,side_compton_fov_pass,first_hit_category,geoopt_plastic_active,2,0.15384615384615385
n,w2_510p58_511p42,side_compton_fov_pass,first_hit_category,g10_passive,2,0.15384615384615385
n,w2_510p58_511p42,side_compton_fov_pass,first_hit_category,csi_active,2,0.15384615384615385
n,w2_510p58_511p42,side_compton_fov_pass,first_hit_category,passive_shield_or_collimator,1,0.07692307692307693
n,w2_510p58_511p42,side_compton_fov_pass,first_hit_category,window_or_side_port,1,0.07692307692307693
n,w2_510p58_511p42,side_compton_fov_pass,first_hit_category,outer_mechanics,1,0.07692307692307693
n,w2_510p58_511p42,side_compton_fov_pass,first_hit_volume,ColdPlate_CP_100mK_intercept,3,0.23076923076923078
n,w2_510p58_511p42,side_compton_fov_pass,first_hit_volume,GeoOpt_S1_PlasticFullWrap_SideShell_5mm,2,0.15384615384615385
n,w2_510p58_511p42,side_compton_fov_pass,first_hit_volume,G10_Support_Ring_60K_Top,1,0.07692307692307693
n,w2_510p58_511p42,side_compton_fov_pass,first_hit_volume,G10_Support_Ring_Still_4K,1,0.07692307692307693
n,w2_510p58_511p42,side_compton_fov_pass,first_hit_volume,CsI_Side_Segment_07,1,0.07692307692307693
n,w2_510p58_511p42,side_compton_fov_pass,first_hit_volume,Nb_MagShield_Inner_Cylinder_2mm,1,0.07692307692307693
n,w2_510p58_511p42,side_compton_fov_pass,first_hit_volume,NbTi_Bundle_Still_4K,1,0.07692307692307693
n,w2_510p58_511p42,side_compton_fov_pass,first_hit_volume,Shield_60K_Al_side_window_side_wall_above_side_port,1,0.07692307692307693
n,w2_510p58_511p42,side_compton_fov_pass,first_hit_volume,CsI_Side_Segment_06,1,0.07692307692307693
n,w2_510p58_511p42,side_compton_fov_pass,first_hit_volume,Vacuum_Jacket_Al_266mmClass_side_port_side_wall_above_side_port,1,0.07692307692307693
