component,stage,s3c_events,s3c_rate_cps,s3_events,s3_rate_cps,s3c_over_s3_ratio,counting_only_1sigma
eplus,raw,6,0.004079920196760951,29,0.019689703846485492,0.20721084626619182,0.0929334120273634
eplus,active_veto_pass,2,0.0013599733989203171,15,0.010184329575768357,0.1335358787048792,0.10052215764451
eplus,side_compton_fov_pass,2,0.0013599733989203171,14,0.009505374270717133,0.14307415575522772,0.10815389576252947
n,raw,28,0.01899382904061491,56,0.03799753016053957,0.49987009577638286,0.11569744548625141
n,active_veto_pass,2,0.0013567020743296366,1,0.0006785273242953494,1.9994803831055317,2.448853344656589
n,side_compton_fov_pass,2,0.0013567020743296366,1,0.0006785273242953494,1.9994803831055317,2.448853344656589
atm511,raw,8,0.0015558451156187402,60,0.011660515744611384,0.13342849919290534,0.05022066264221741
atm511,active_veto_pass,8,0.0015558451156187402,60,0.011660515744611384,0.13342849919290534,0.05022066264221741
atm511,side_compton_fov_pass,6,0.001166883836714055,56,0.010883148028303959,0.10721932970858465,0.04605738685893107
