record_type,source_family,category,subcategory,bin_lo_deg,bin_hi_deg,count,fraction,notes
entry_class_count,atm511,side_wall,,,,83,0.7685185185185185,side_window is side-envelope entry within +/-15 deg of local negative-X side-window axis; side_wall is other side entry
entry_class_count,atm511,top,,,,16,0.14814814814814814,side_window is side-envelope entry within +/-15 deg of local negative-X side-window axis; side_wall is other side entry
entry_class_count,atm511,bottom,,,,9,0.08333333333333333,side_window is side-envelope entry within +/-15 deg of local negative-X side-window axis; side_wall is other side entry
entry_class_count,eplus,side_window,,,,4,0.06451612903225806,side_window is side-envelope entry within +/-15 deg of local negative-X side-window axis; side_wall is other side entry
entry_class_count,eplus,side_wall,,,,31,0.5,side_window is side-envelope entry within +/-15 deg of local negative-X side-window axis; side_wall is other side entry
entry_class_count,eplus,top,,,,14,0.22580645161290322,side_window is side-envelope entry within +/-15 deg of local negative-X side-window axis; side_wall is other side entry
entry_class_count,eplus,envelope_miss,,,,13,0.20967741935483872,side_window is side-envelope entry within +/-15 deg of local negative-X side-window axis; side_wall is other side entry
entry_class_count,n,side_wall,,,,29,0.48333333333333334,side_window is side-envelope entry within +/-15 deg of local negative-X side-window axis; side_wall is other side entry
entry_class_count,n,top,,,,13,0.21666666666666667,side_window is side-envelope entry within +/-15 deg of local negative-X side-window axis; side_wall is other side entry
entry_class_count,n,bottom,,,,10,0.16666666666666666,side_window is side-envelope entry within +/-15 deg of local negative-X side-window axis; side_wall is other side entry
entry_class_count,n,envelope_miss,,,,8,0.13333333333333333,side_window is side-envelope entry within +/-15 deg of local negative-X side-window axis; side_wall is other side entry
entry_class_count,activation,side_window,,,,2,0.047619047619047616,side_window is side-envelope entry within +/-15 deg of local negative-X side-window axis; side_wall is other side entry
entry_class_count,activation,side_wall,,,,19,0.4523809523809524,side_window is side-envelope entry within +/-15 deg of local negative-X side-window axis; side_wall is other side entry
entry_class_count,activation,top,,,,12,0.2857142857142857,side_window is side-envelope entry within +/-15 deg of local negative-X side-window axis; side_wall is other side entry
entry_class_count,activation,bottom,,,,7,0.16666666666666666,side_window is side-envelope entry within +/-15 deg of local negative-X side-window axis; side_wall is other side entry
entry_class_count,activation,envelope_miss,,,,2,0.047619047619047616,side_window is side-envelope entry within +/-15 deg of local negative-X side-window axis; side_wall is other side entry
entry_class_count,muplus,side_wall,,,,4,0.5,side_window is side-envelope entry within +/-15 deg of local negative-X side-window axis; side_wall is other side entry
entry_class_count,muplus,top,,,,1,0.125,side_window is side-envelope entry within +/-15 deg of local negative-X side-window axis; side_wall is other side entry
entry_class_count,muplus,envelope_miss,,,,3,0.375,side_window is side-envelope entry within +/-15 deg of local negative-X side-window axis; side_wall is other side entry
entry_class_count,gamma,side_wall,,,,1,1.0,side_window is side-envelope entry within +/-15 deg of local negative-X side-window axis; side_wall is other side entry
entry_class_count,muminus,side_wall,,,,1,1.0,side_window is side-envelope entry within +/-15 deg of local negative-X side-window axis; side_wall is other side entry
entry_class_count,p,top,,,,1,1.0,side_window is side-envelope entry within +/-15 deg of local negative-X side-window axis; side_wall is other side entry
theta_angle_bin_count,activation,bottom,theta,120,130,1,,local detector-frame angle bin; see 02_fact_summary.json for theta/phi definition
theta_angle_bin_count,activation,bottom,theta,130,140,1,,local detector-frame angle bin; see 02_fact_summary.json for theta/phi definition
theta_angle_bin_count,activation,bottom,theta,140,150,1,,local detector-frame angle bin; see 02_fact_summary.json for theta/phi definition
theta_angle_bin_count,activation,bottom,theta,150,160,2,,local detector-frame angle bin; see 02_fact_summary.json for theta/phi definition
theta_angle_bin_count,activation,bottom,theta,170,180,2,,local detector-frame angle bin; see 02_fact_summary.json for theta/phi definition
theta_angle_bin_count,activation,envelope_miss,theta,40,50,1,,local detector-frame angle bin; see 02_fact_summary.json for theta/phi definition
theta_angle_bin_count,activation,envelope_miss,theta,60,70,1,,local detector-frame angle bin; see 02_fact_summary.json for theta/phi definition
theta_angle_bin_count,activation,side_wall,theta,50,60,1,,local detector-frame angle bin; see 02_fact_summary.json for theta/phi definition
theta_angle_bin_count,activation,side_wall,theta,70,80,2,,local detector-frame angle bin; see 02_fact_summary.json for theta/phi definition
theta_angle_bin_count,activation,side_wall,theta,80,90,2,,local detector-frame angle bin; see 02_fact_summary.json for theta/phi definition
theta_angle_bin_count,activation,side_wall,theta,90,100,4,,local detector-frame angle bin; see 02_fact_summary.json for theta/phi definition
theta_angle_bin_count,activation,side_wall,theta,100,110,3,,local detector-frame angle bin; see 02_fact_summary.json for theta/phi definition
theta_angle_bin_count,activation,side_wall,theta,110,120,3,,local detector-frame angle bin; see 02_fact_summary.json for theta/phi definition
theta_angle_bin_count,activation,side_wall,theta,120,130,4,,local detector-frame angle bin; see 02_fact_summary.json for theta/phi definition
theta_angle_bin_count,activation,side_window,theta,90,100,1,,local detector-frame angle bin; see 02_fact_summary.json for theta/phi definition
theta_angle_bin_count,activation,side_window,theta,100,110,1,,local detector-frame angle bin; see 02_fact_summary.json for theta/phi definition
theta_angle_bin_count,activation,top,theta,10,20,2,,local detector-frame angle bin; see 02_fact_summary.json for theta/phi definition
theta_angle_bin_count,activation,top,theta,20,30,1,,local detector-frame angle bin; see 02_fact_summary.json for theta/phi definition
theta_angle_bin_count,activation,top,theta,40,50,4,,local detector-frame angle bin; see 02_fact_summary.json for theta/phi definition
theta_angle_bin_count,activation,top,theta,60,70,4,,local detector-frame angle bin; see 02_fact_summary.json for theta/phi definition
theta_angle_bin_count,activation,top,theta,110,120,1,,local detector-frame angle bin; see 02_fact_summary.json for theta/phi definition
theta_angle_bin_count,atm511,bottom,theta,10,20,1,,local detector-frame angle bin; see 02_fact_summary.json for theta/phi definition
theta_angle_bin_count,atm511,bottom,theta,20,30,3,,local detector-frame angle bin; see 02_fact_summary.json for theta/phi definition
theta_angle_bin_count,atm511,bottom,theta,30,40,2,,local detector-frame angle bin; see 02_fact_summary.json for theta/phi definition
theta_angle_bin_count,atm511,bottom,theta,40,50,3,,local detector-frame angle bin; see 02_fact_summary.json for theta/phi definition
theta_angle_bin_count,atm511,side_wall,theta,50,60,6,,local detector-frame angle bin; see 02_fact_summary.json for theta/phi definition
theta_angle_bin_count,atm511,side_wall,theta,60,70,28,,local detector-frame angle bin; see 02_fact_summary.json for theta/phi definition
theta_angle_bin_count,atm511,side_wall,theta,70,80,11,,local detector-frame angle bin; see 02_fact_summary.json for theta/phi definition
theta_angle_bin_count,atm511,side_wall,theta,80,90,9,,local detector-frame angle bin; see 02_fact_summary.json for theta/phi definition
theta_angle_bin_count,atm511,side_wall,theta,90,100,14,,local detector-frame angle bin; see 02_fact_summary.json for theta/phi definition
theta_angle_bin_count,atm511,side_wall,theta,100,110,14,,local detector-frame angle bin; see 02_fact_summary.json for theta/phi definition
theta_angle_bin_count,atm511,side_wall,theta,110,120,1,,local detector-frame angle bin; see 02_fact_summary.json for theta/phi definition
theta_angle_bin_count,atm511,top,theta,110,120,5,,local detector-frame angle bin; see 02_fact_summary.json for theta/phi definition
theta_angle_bin_count,atm511,top,theta,120,130,10,,local detector-frame angle bin; see 02_fact_summary.json for theta/phi definition
theta_angle_bin_count,atm511,top,theta,130,140,1,,local detector-frame angle bin; see 02_fact_summary.json for theta/phi definition
theta_angle_bin_count,eplus,envelope_miss,theta,30,40,1,,local detector-frame angle bin; see 02_fact_summary.json for theta/phi definition
theta_angle_bin_count,eplus,envelope_miss,theta,50,60,1,,local detector-frame angle bin; see 02_fact_summary.json for theta/phi definition
theta_angle_bin_count,eplus,envelope_miss,theta,60,70,1,,local detector-frame angle bin; see 02_fact_summary.json for theta/phi definition
theta_angle_bin_count,eplus,envelope_miss,theta,70,80,4,,local detector-frame angle bin; see 02_fact_summary.json for theta/phi definition
theta_angle_bin_count,eplus,envelope_miss,theta,80,90,2,,local detector-frame angle bin; see 02_fact_summary.json for theta/phi definition
theta_angle_bin_count,eplus,envelope_miss,theta,90,100,1,,local detector-frame angle bin; see 02_fact_summary.json for theta/phi definition
theta_angle_bin_count,eplus,envelope_miss,theta,100,110,2,,local detector-frame angle bin; see 02_fact_summary.json for theta/phi definition
theta_angle_bin_count,eplus,envelope_miss,theta,120,130,1,,local detector-frame angle bin; see 02_fact_summary.json for theta/phi definition
theta_angle_bin_count,eplus,side_wall,theta,30,40,2,,local detector-frame angle bin; see 02_fact_summary.json for theta/phi definition
theta_angle_bin_count,eplus,side_wall,theta,40,50,2,,local detector-frame angle bin; see 02_fact_summary.json for theta/phi definition
theta_angle_bin_count,eplus,side_wall,theta,60,70,2,,local detector-frame angle bin; see 02_fact_summary.json for theta/phi definition
theta_angle_bin_count,eplus,side_wall,theta,70,80,6,,local detector-frame angle bin; see 02_fact_summary.json for theta/phi definition
theta_angle_bin_count,eplus,side_wall,theta,80,90,2,,local detector-frame angle bin; see 02_fact_summary.json for theta/phi definition
theta_angle_bin_count,eplus,side_wall,theta,90,100,2,,local detector-frame angle bin; see 02_fact_summary.json for theta/phi definition
theta_angle_bin_count,eplus,side_wall,theta,100,110,7,,local detector-frame angle bin; see 02_fact_summary.json for theta/phi definition
theta_angle_bin_count,eplus,side_wall,theta,110,120,3,,local detector-frame angle bin; see 02_fact_summary.json for theta/phi definition
theta_angle_bin_count,eplus,side_wall,theta,120,130,3,,local detector-frame angle bin; see 02_fact_summary.json for theta/phi definition
theta_angle_bin_count,eplus,side_wall,theta,140,150,1,,local detector-frame angle bin; see 02_fact_summary.json for theta/phi definition
theta_angle_bin_count,eplus,side_wall,theta,150,160,1,,local detector-frame angle bin; see 02_fact_summary.json for theta/phi definition
theta_angle_bin_count,eplus,side_window,theta,40,50,1,,local detector-frame angle bin; see 02_fact_summary.json for theta/phi definition
theta_angle_bin_count,eplus,side_window,theta,70,80,2,,local detector-frame angle bin; see 02_fact_summary.json for theta/phi definition
theta_angle_bin_count,eplus,side_window,theta,80,90,1,,local detector-frame angle bin; see 02_fact_summary.json for theta/phi definition
theta_angle_bin_count,eplus,top,theta,100,110,2,,local detector-frame angle bin; see 02_fact_summary.json for theta/phi definition
theta_angle_bin_count,eplus,top,theta,110,120,4,,local detector-frame angle bin; see 02_fact_summary.json for theta/phi definition
theta_angle_bin_count,eplus,top,theta,120,130,2,,local detector-frame angle bin; see 02_fact_summary.json for theta/phi definition
theta_angle_bin_count,eplus,top,theta,130,140,2,,local detector-frame angle bin; see 02_fact_summary.json for theta/phi definition
theta_angle_bin_count,eplus,top,theta,150,160,3,,local detector-frame angle bin; see 02_fact_summary.json for theta/phi definition
theta_angle_bin_count,eplus,top,theta,160,170,1,,local detector-frame angle bin; see 02_fact_summary.json for theta/phi definition
theta_angle_bin_count,gamma,side_wall,theta,80,90,1,,local detector-frame angle bin; see 02_fact_summary.json for theta/phi definition
theta_angle_bin_count,muminus,side_wall,theta,70,80,1,,local detector-frame angle bin; see 02_fact_summary.json for theta/phi definition
theta_angle_bin_count,muplus,envelope_miss,theta,90,100,2,,local detector-frame angle bin; see 02_fact_summary.json for theta/phi definition
theta_angle_bin_count,muplus,envelope_miss,theta,130,140,1,,local detector-frame angle bin; see 02_fact_summary.json for theta/phi definition
theta_angle_bin_count,muplus,side_wall,theta,90,100,1,,local detector-frame angle bin; see 02_fact_summary.json for theta/phi definition
theta_angle_bin_count,muplus,side_wall,theta,120,130,1,,local detector-frame angle bin; see 02_fact_summary.json for theta/phi definition
theta_angle_bin_count,muplus,side_wall,theta,130,140,1,,local detector-frame angle bin; see 02_fact_summary.json for theta/phi definition
theta_angle_bin_count,muplus,side_wall,theta,150,160,1,,local detector-frame angle bin; see 02_fact_summary.json for theta/phi definition
theta_angle_bin_count,muplus,top,theta,130,140,1,,local detector-frame angle bin; see 02_fact_summary.json for theta/phi definition
theta_angle_bin_count,n,bottom,theta,20,30,3,,local detector-frame angle bin; see 02_fact_summary.json for theta/phi definition
theta_angle_bin_count,n,bottom,theta,30,40,2,,local detector-frame angle bin; see 02_fact_summary.json for theta/phi definition
theta_angle_bin_count,n,bottom,theta,40,50,2,,local detector-frame angle bin; see 02_fact_summary.json for theta/phi definition
theta_angle_bin_count,n,bottom,theta,50,60,1,,local detector-frame angle bin; see 02_fact_summary.json for theta/phi definition
theta_angle_bin_count,n,bottom,theta,60,70,2,,local detector-frame angle bin; see 02_fact_summary.json for theta/phi definition
theta_angle_bin_count,n,envelope_miss,theta,20,30,1,,local detector-frame angle bin; see 02_fact_summary.json for theta/phi definition
theta_angle_bin_count,n,envelope_miss,theta,60,70,1,,local detector-frame angle bin; see 02_fact_summary.json for theta/phi definition
theta_angle_bin_count,n,envelope_miss,theta,70,80,2,,local detector-frame angle bin; see 02_fact_summary.json for theta/phi definition
theta_angle_bin_count,n,envelope_miss,theta,80,90,3,,local detector-frame angle bin; see 02_fact_summary.json for theta/phi definition
theta_angle_bin_count,n,envelope_miss,theta,100,110,1,,local detector-frame angle bin; see 02_fact_summary.json for theta/phi definition
theta_angle_bin_count,n,side_wall,theta,30,40,1,,local detector-frame angle bin; see 02_fact_summary.json for theta/phi definition
theta_angle_bin_count,n,side_wall,theta,40,50,5,,local detector-frame angle bin; see 02_fact_summary.json for theta/phi definition
theta_angle_bin_count,n,side_wall,theta,50,60,1,,local detector-frame angle bin; see 02_fact_summary.json for theta/phi definition
theta_angle_bin_count,n,side_wall,theta,60,70,2,,local detector-frame angle bin; see 02_fact_summary.json for theta/phi definition
theta_angle_bin_count,n,side_wall,theta,70,80,6,,local detector-frame angle bin; see 02_fact_summary.json for theta/phi definition
theta_angle_bin_count,n,side_wall,theta,80,90,4,,local detector-frame angle bin; see 02_fact_summary.json for theta/phi definition
theta_angle_bin_count,n,side_wall,theta,90,100,2,,local detector-frame angle bin; see 02_fact_summary.json for theta/phi definition
theta_angle_bin_count,n,side_wall,theta,100,110,2,,local detector-frame angle bin; see 02_fact_summary.json for theta/phi definition
theta_angle_bin_count,n,side_wall,theta,110,120,3,,local detector-frame angle bin; see 02_fact_summary.json for theta/phi definition
theta_angle_bin_count,n,side_wall,theta,120,130,2,,local detector-frame angle bin; see 02_fact_summary.json for theta/phi definition
theta_angle_bin_count,n,side_wall,theta,130,140,1,,local detector-frame angle bin; see 02_fact_summary.json for theta/phi definition
theta_angle_bin_count,n,top,theta,90,100,1,,local detector-frame angle bin; see 02_fact_summary.json for theta/phi definition
theta_angle_bin_count,n,top,theta,100,110,3,,local detector-frame angle bin; see 02_fact_summary.json for theta/phi definition
theta_angle_bin_count,n,top,theta,110,120,4,,local detector-frame angle bin; see 02_fact_summary.json for theta/phi definition
theta_angle_bin_count,n,top,theta,120,130,2,,local detector-frame angle bin; see 02_fact_summary.json for theta/phi definition
theta_angle_bin_count,n,top,theta,130,140,1,,local detector-frame angle bin; see 02_fact_summary.json for theta/phi definition
theta_angle_bin_count,n,top,theta,140,150,1,,local detector-frame angle bin; see 02_fact_summary.json for theta/phi definition
theta_angle_bin_count,n,top,theta,150,160,1,,local detector-frame angle bin; see 02_fact_summary.json for theta/phi definition
theta_angle_bin_count,p,top,theta,140,150,1,,local detector-frame angle bin; see 02_fact_summary.json for theta/phi definition
phi_angle_bin_count,activation,bottom,phi,0,30,1,,local detector-frame angle bin; see 02_fact_summary.json for theta/phi definition
phi_angle_bin_count,activation,bottom,phi,120,150,2,,local detector-frame angle bin; see 02_fact_summary.json for theta/phi definition
phi_angle_bin_count,activation,bottom,phi,210,240,2,,local detector-frame angle bin; see 02_fact_summary.json for theta/phi definition
phi_angle_bin_count,activation,bottom,phi,270,300,2,,local detector-frame angle bin; see 02_fact_summary.json for theta/phi definition
phi_angle_bin_count,activation,envelope_miss,phi,210,240,1,,local detector-frame angle bin; see 02_fact_summary.json for theta/phi definition
phi_angle_bin_count,activation,envelope_miss,phi,270,300,1,,local detector-frame angle bin; see 02_fact_summary.json for theta/phi definition
phi_angle_bin_count,activation,side_wall,phi,0,30,3,,local detector-frame angle bin; see 02_fact_summary.json for theta/phi definition
phi_angle_bin_count,activation,side_wall,phi,90,120,1,,local detector-frame angle bin; see 02_fact_summary.json for theta/phi definition
phi_angle_bin_count,activation,side_wall,phi,120,150,2,,local detector-frame angle bin; see 02_fact_summary.json for theta/phi definition
phi_angle_bin_count,activation,side_wall,phi,180,210,1,,local detector-frame angle bin; see 02_fact_summary.json for theta/phi definition
phi_angle_bin_count,activation,side_wall,phi,240,270,5,,local detector-frame angle bin; see 02_fact_summary.json for theta/phi definition
phi_angle_bin_count,activation,side_wall,phi,270,300,3,,local detector-frame angle bin; see 02_fact_summary.json for theta/phi definition
phi_angle_bin_count,activation,side_wall,phi,300,330,1,,local detector-frame angle bin; see 02_fact_summary.json for theta/phi definition
phi_angle_bin_count,activation,side_wall,phi,330,360,3,,local detector-frame angle bin; see 02_fact_summary.json for theta/phi definition
phi_angle_bin_count,activation,side_window,phi,180,210,2,,local detector-frame angle bin; see 02_fact_summary.json for theta/phi definition
phi_angle_bin_count,activation,top,phi,0,30,1,,local detector-frame angle bin; see 02_fact_summary.json for theta/phi definition
phi_angle_bin_count,activation,top,phi,30,60,1,,local detector-frame angle bin; see 02_fact_summary.json for theta/phi definition
phi_angle_bin_count,activation,top,phi,60,90,2,,local detector-frame angle bin; see 02_fact_summary.json for theta/phi definition
phi_angle_bin_count,activation,top,phi,90,120,1,,local detector-frame angle bin; see 02_fact_summary.json for theta/phi definition
phi_angle_bin_count,activation,top,phi,120,150,1,,local detector-frame angle bin; see 02_fact_summary.json for theta/phi definition
phi_angle_bin_count,activation,top,phi,150,180,1,,local detector-frame angle bin; see 02_fact_summary.json for theta/phi definition
phi_angle_bin_count,activation,top,phi,180,210,1,,local detector-frame angle bin; see 02_fact_summary.json for theta/phi definition
phi_angle_bin_count,activation,top,phi,240,270,2,,local detector-frame angle bin; see 02_fact_summary.json for theta/phi definition
phi_angle_bin_count,activation,top,phi,270,300,1,,local detector-frame angle bin; see 02_fact_summary.json for theta/phi definition
phi_angle_bin_count,activation,top,phi,300,330,1,,local detector-frame angle bin; see 02_fact_summary.json for theta/phi definition
phi_angle_bin_count,atm511,bottom,phi,0,30,2,,local detector-frame angle bin; see 02_fact_summary.json for theta/phi definition
phi_angle_bin_count,atm511,bottom,phi,30,60,2,,local detector-frame angle bin; see 02_fact_summary.json for theta/phi definition
phi_angle_bin_count,atm511,bottom,phi,60,90,2,,local detector-frame angle bin; see 02_fact_summary.json for theta/phi definition
phi_angle_bin_count,atm511,bottom,phi,150,180,2,,local detector-frame angle bin; see 02_fact_summary.json for theta/phi definition
phi_angle_bin_count,atm511,bottom,phi,210,240,1,,local detector-frame angle bin; see 02_fact_summary.json for theta/phi definition
phi_angle_bin_count,atm511,side_wall,phi,30,60,1,,local detector-frame angle bin; see 02_fact_summary.json for theta/phi definition
phi_angle_bin_count,atm511,side_wall,phi,60,90,5,,local detector-frame angle bin; see 02_fact_summary.json for theta/phi definition
phi_angle_bin_count,atm511,side_wall,phi,90,120,11,,local detector-frame angle bin; see 02_fact_summary.json for theta/phi definition
phi_angle_bin_count,atm511,side_wall,phi,120,150,12,,local detector-frame angle bin; see 02_fact_summary.json for theta/phi definition
phi_angle_bin_count,atm511,side_wall,phi,150,180,13,,local detector-frame angle bin; see 02_fact_summary.json for theta/phi definition
phi_angle_bin_count,atm511,side_wall,phi,180,210,14,,local detector-frame angle bin; see 02_fact_summary.json for theta/phi definition
phi_angle_bin_count,atm511,side_wall,phi,210,240,8,,local detector-frame angle bin; see 02_fact_summary.json for theta/phi definition
phi_angle_bin_count,atm511,side_wall,phi,240,270,14,,local detector-frame angle bin; see 02_fact_summary.json for theta/phi definition
phi_angle_bin_count,atm511,side_wall,phi,270,300,5,,local detector-frame angle bin; see 02_fact_summary.json for theta/phi definition
phi_angle_bin_count,atm511,top,phi,120,150,7,,local detector-frame angle bin; see 02_fact_summary.json for theta/phi definition
phi_angle_bin_count,atm511,top,phi,150,180,2,,local detector-frame angle bin; see 02_fact_summary.json for theta/phi definition
phi_angle_bin_count,atm511,top,phi,180,210,3,,local detector-frame angle bin; see 02_fact_summary.json for theta/phi definition
phi_angle_bin_count,atm511,top,phi,210,240,4,,local detector-frame angle bin; see 02_fact_summary.json for theta/phi definition
phi_angle_bin_count,eplus,envelope_miss,phi,0,30,1,,local detector-frame angle bin; see 02_fact_summary.json for theta/phi definition
phi_angle_bin_count,eplus,envelope_miss,phi,30,60,1,,local detector-frame angle bin; see 02_fact_summary.json for theta/phi definition
phi_angle_bin_count,eplus,envelope_miss,phi,120,150,1,,local detector-frame angle bin; see 02_fact_summary.json for theta/phi definition
phi_angle_bin_count,eplus,envelope_miss,phi,150,180,1,,local detector-frame angle bin; see 02_fact_summary.json for theta/phi definition
phi_angle_bin_count,eplus,envelope_miss,phi,180,210,2,,local detector-frame angle bin; see 02_fact_summary.json for theta/phi definition
phi_angle_bin_count,eplus,envelope_miss,phi,210,240,2,,local detector-frame angle bin; see 02_fact_summary.json for theta/phi definition
phi_angle_bin_count,eplus,envelope_miss,phi,270,300,1,,local detector-frame angle bin; see 02_fact_summary.json for theta/phi definition
phi_angle_bin_count,eplus,envelope_miss,phi,300,330,3,,local detector-frame angle bin; see 02_fact_summary.json for theta/phi definition
phi_angle_bin_count,eplus,envelope_miss,phi,330,360,1,,local detector-frame angle bin; see 02_fact_summary.json for theta/phi definition
phi_angle_bin_count,eplus,side_wall,phi,0,30,3,,local detector-frame angle bin; see 02_fact_summary.json for theta/phi definition
phi_angle_bin_count,eplus,side_wall,phi,30,60,4,,local detector-frame angle bin; see 02_fact_summary.json for theta/phi definition
phi_angle_bin_count,eplus,side_wall,phi,60,90,4,,local detector-frame angle bin; see 02_fact_summary.json for theta/phi definition
phi_angle_bin_count,eplus,side_wall,phi,90,120,3,,local detector-frame angle bin; see 02_fact_summary.json for theta/phi definition
phi_angle_bin_count,eplus,side_wall,phi,120,150,3,,local detector-frame angle bin; see 02_fact_summary.json for theta/phi definition
phi_angle_bin_count,eplus,side_wall,phi,150,180,4,,local detector-frame angle bin; see 02_fact_summary.json for theta/phi definition
phi_angle_bin_count,eplus,side_wall,phi,180,210,1,,local detector-frame angle bin; see 02_fact_summary.json for theta/phi definition
phi_angle_bin_count,eplus,side_wall,phi,210,240,3,,local detector-frame angle bin; see 02_fact_summary.json for theta/phi definition
phi_angle_bin_count,eplus,side_wall,phi,240,270,1,,local detector-frame angle bin; see 02_fact_summary.json for theta/phi definition
phi_angle_bin_count,eplus,side_wall,phi,270,300,4,,local detector-frame angle bin; see 02_fact_summary.json for theta/phi definition
phi_angle_bin_count,eplus,side_wall,phi,300,330,1,,local detector-frame angle bin; see 02_fact_summary.json for theta/phi definition
phi_angle_bin_count,eplus,side_window,phi,0,30,1,,local detector-frame angle bin; see 02_fact_summary.json for theta/phi definition
phi_angle_bin_count,eplus,side_window,phi,30,60,1,,local detector-frame angle bin; see 02_fact_summary.json for theta/phi definition
phi_angle_bin_count,eplus,side_window,phi,300,330,2,,local detector-frame angle bin; see 02_fact_summary.json for theta/phi definition
phi_angle_bin_count,eplus,top,phi,90,120,2,,local detector-frame angle bin; see 02_fact_summary.json for theta/phi definition
phi_angle_bin_count,eplus,top,phi,150,180,3,,local detector-frame angle bin; see 02_fact_summary.json for theta/phi definition
phi_angle_bin_count,eplus,top,phi,180,210,4,,local detector-frame angle bin; see 02_fact_summary.json for theta/phi definition
phi_angle_bin_count,eplus,top,phi,210,240,3,,local detector-frame angle bin; see 02_fact_summary.json for theta/phi definition
phi_angle_bin_count,eplus,top,phi,270,300,1,,local detector-frame angle bin; see 02_fact_summary.json for theta/phi definition
phi_angle_bin_count,eplus,top,phi,300,330,1,,local detector-frame angle bin; see 02_fact_summary.json for theta/phi definition
phi_angle_bin_count,gamma,side_wall,phi,240,270,1,,local detector-frame angle bin; see 02_fact_summary.json for theta/phi definition
phi_angle_bin_count,muminus,side_wall,phi,120,150,1,,local detector-frame angle bin; see 02_fact_summary.json for theta/phi definition
phi_angle_bin_count,muplus,envelope_miss,phi,30,60,2,,local detector-frame angle bin; see 02_fact_summary.json for theta/phi definition
phi_angle_bin_count,muplus,envelope_miss,phi,300,330,1,,local detector-frame angle bin; see 02_fact_summary.json for theta/phi definition
phi_angle_bin_count,muplus,side_wall,phi,60,90,1,,local detector-frame angle bin; see 02_fact_summary.json for theta/phi definition
phi_angle_bin_count,muplus,side_wall,phi,90,120,1,,local detector-frame angle bin; see 02_fact_summary.json for theta/phi definition
phi_angle_bin_count,muplus,side_wall,phi,270,300,1,,local detector-frame angle bin; see 02_fact_summary.json for theta/phi definition
phi_angle_bin_count,muplus,side_wall,phi,300,330,1,,local detector-frame angle bin; see 02_fact_summary.json for theta/phi definition
phi_angle_bin_count,muplus,top,phi,60,90,1,,local detector-frame angle bin; see 02_fact_summary.json for theta/phi definition
phi_angle_bin_count,n,bottom,phi,0,30,1,,local detector-frame angle bin; see 02_fact_summary.json for theta/phi definition
phi_angle_bin_count,n,bottom,phi,30,60,2,,local detector-frame angle bin; see 02_fact_summary.json for theta/phi definition
phi_angle_bin_count,n,bottom,phi,90,120,1,,local detector-frame angle bin; see 02_fact_summary.json for theta/phi definition
phi_angle_bin_count,n,bottom,phi,120,150,1,,local detector-frame angle bin; see 02_fact_summary.json for theta/phi definition
phi_angle_bin_count,n,bottom,phi,240,270,2,,local detector-frame angle bin; see 02_fact_summary.json for theta/phi definition
phi_angle_bin_count,n,bottom,phi,270,300,1,,local detector-frame angle bin; see 02_fact_summary.json for theta/phi definition
phi_angle_bin_count,n,bottom,phi,300,330,2,,local detector-frame angle bin; see 02_fact_summary.json for theta/phi definition
phi_angle_bin_count,n,envelope_miss,phi,0,30,1,,local detector-frame angle bin; see 02_fact_summary.json for theta/phi definition
phi_angle_bin_count,n,envelope_miss,phi,30,60,2,,local detector-frame angle bin; see 02_fact_summary.json for theta/phi definition
phi_angle_bin_count,n,envelope_miss,phi,90,120,1,,local detector-frame angle bin; see 02_fact_summary.json for theta/phi definition
phi_angle_bin_count,n,envelope_miss,phi,120,150,1,,local detector-frame angle bin; see 02_fact_summary.json for theta/phi definition
phi_angle_bin_count,n,envelope_miss,phi,210,240,1,,local detector-frame angle bin; see 02_fact_summary.json for theta/phi definition
phi_angle_bin_count,n,envelope_miss,phi,300,330,2,,local detector-frame angle bin; see 02_fact_summary.json for theta/phi definition
phi_angle_bin_count,n,side_wall,phi,60,90,3,,local detector-frame angle bin; see 02_fact_summary.json for theta/phi definition
phi_angle_bin_count,n,side_wall,phi,90,120,2,,local detector-frame angle bin; see 02_fact_summary.json for theta/phi definition
phi_angle_bin_count,n,side_wall,phi,120,150,3,,local detector-frame angle bin; see 02_fact_summary.json for theta/phi definition
phi_angle_bin_count,n,side_wall,phi,180,210,3,,local detector-frame angle bin; see 02_fact_summary.json for theta/phi definition
phi_angle_bin_count,n,side_wall,phi,210,240,8,,local detector-frame angle bin; see 02_fact_summary.json for theta/phi definition
phi_angle_bin_count,n,side_wall,phi,240,270,2,,local detector-frame angle bin; see 02_fact_summary.json for theta/phi definition
phi_angle_bin_count,n,side_wall,phi,270,300,4,,local detector-frame angle bin; see 02_fact_summary.json for theta/phi definition
phi_angle_bin_count,n,side_wall,phi,300,330,1,,local detector-frame angle bin; see 02_fact_summary.json for theta/phi definition
phi_angle_bin_count,n,side_wall,phi,330,360,3,,local detector-frame angle bin; see 02_fact_summary.json for theta/phi definition
phi_angle_bin_count,n,top,phi,90,120,1,,local detector-frame angle bin; see 02_fact_summary.json for theta/phi definition
phi_angle_bin_count,n,top,phi,120,150,1,,local detector-frame angle bin; see 02_fact_summary.json for theta/phi definition
phi_angle_bin_count,n,top,phi,150,180,2,,local detector-frame angle bin; see 02_fact_summary.json for theta/phi definition
phi_angle_bin_count,n,top,phi,180,210,5,,local detector-frame angle bin; see 02_fact_summary.json for theta/phi definition
phi_angle_bin_count,n,top,phi,210,240,3,,local detector-frame angle bin; see 02_fact_summary.json for theta/phi definition
phi_angle_bin_count,n,top,phi,270,300,1,,local detector-frame angle bin; see 02_fact_summary.json for theta/phi definition
phi_angle_bin_count,p,top,phi,180,210,1,,local detector-frame angle bin; see 02_fact_summary.json for theta/phi definition
veto_priority_cutflow,activation,plastic_skin_veto,,,,2,0.047619047619047616,"priority order: plastic skin, non-plastic active, Compton/FoV, final pass"
veto_priority_cutflow,activation,non_plastic_active_veto,,,,10,0.23809523809523808,"priority order: plastic skin, non-plastic active, Compton/FoV, final pass"
veto_priority_cutflow,activation,compton_fov_veto,,,,4,0.09523809523809523,"priority order: plastic skin, non-plastic active, Compton/FoV, final pass"
veto_priority_cutflow,activation,final_pass,,,,26,0.6190476190476191,"priority order: plastic skin, non-plastic active, Compton/FoV, final pass"
veto_priority_cutflow,atm511,plastic_skin_veto,,,,0,0.0,"priority order: plastic skin, non-plastic active, Compton/FoV, final pass"
veto_priority_cutflow,atm511,non_plastic_active_veto,,,,0,0.0,"priority order: plastic skin, non-plastic active, Compton/FoV, final pass"
veto_priority_cutflow,atm511,compton_fov_veto,,,,13,0.12037037037037036,"priority order: plastic skin, non-plastic active, Compton/FoV, final pass"
veto_priority_cutflow,atm511,final_pass,,,,95,0.8796296296296297,"priority order: plastic skin, non-plastic active, Compton/FoV, final pass"
veto_priority_cutflow,eplus,plastic_skin_veto,,,,22,0.3548387096774194,"priority order: plastic skin, non-plastic active, Compton/FoV, final pass"
veto_priority_cutflow,eplus,non_plastic_active_veto,,,,0,0.0,"priority order: plastic skin, non-plastic active, Compton/FoV, final pass"
veto_priority_cutflow,eplus,compton_fov_veto,,,,5,0.08064516129032258,"priority order: plastic skin, non-plastic active, Compton/FoV, final pass"
veto_priority_cutflow,eplus,final_pass,,,,35,0.5645161290322581,"priority order: plastic skin, non-plastic active, Compton/FoV, final pass"
veto_priority_cutflow,gamma,plastic_skin_veto,,,,0,0.0,"priority order: plastic skin, non-plastic active, Compton/FoV, final pass"
veto_priority_cutflow,gamma,non_plastic_active_veto,,,,1,1.0,"priority order: plastic skin, non-plastic active, Compton/FoV, final pass"
veto_priority_cutflow,gamma,compton_fov_veto,,,,0,0.0,"priority order: plastic skin, non-plastic active, Compton/FoV, final pass"
veto_priority_cutflow,gamma,final_pass,,,,0,0.0,"priority order: plastic skin, non-plastic active, Compton/FoV, final pass"
veto_priority_cutflow,muminus,plastic_skin_veto,,,,1,1.0,"priority order: plastic skin, non-plastic active, Compton/FoV, final pass"
veto_priority_cutflow,muminus,non_plastic_active_veto,,,,0,0.0,"priority order: plastic skin, non-plastic active, Compton/FoV, final pass"
veto_priority_cutflow,muminus,compton_fov_veto,,,,0,0.0,"priority order: plastic skin, non-plastic active, Compton/FoV, final pass"
veto_priority_cutflow,muminus,final_pass,,,,0,0.0,"priority order: plastic skin, non-plastic active, Compton/FoV, final pass"
veto_priority_cutflow,muplus,plastic_skin_veto,,,,6,0.75,"priority order: plastic skin, non-plastic active, Compton/FoV, final pass"
veto_priority_cutflow,muplus,non_plastic_active_veto,,,,2,0.25,"priority order: plastic skin, non-plastic active, Compton/FoV, final pass"
veto_priority_cutflow,muplus,compton_fov_veto,,,,0,0.0,"priority order: plastic skin, non-plastic active, Compton/FoV, final pass"
veto_priority_cutflow,muplus,final_pass,,,,0,0.0,"priority order: plastic skin, non-plastic active, Compton/FoV, final pass"
veto_priority_cutflow,n,plastic_skin_veto,,,,5,0.08333333333333333,"priority order: plastic skin, non-plastic active, Compton/FoV, final pass"
veto_priority_cutflow,n,non_plastic_active_veto,,,,42,0.7,"priority order: plastic skin, non-plastic active, Compton/FoV, final pass"
veto_priority_cutflow,n,compton_fov_veto,,,,0,0.0,"priority order: plastic skin, non-plastic active, Compton/FoV, final pass"
veto_priority_cutflow,n,final_pass,,,,13,0.21666666666666667,"priority order: plastic skin, non-plastic active, Compton/FoV, final pass"
veto_priority_cutflow,p,plastic_skin_veto,,,,1,1.0,"priority order: plastic skin, non-plastic active, Compton/FoV, final pass"
veto_priority_cutflow,p,non_plastic_active_veto,,,,0,0.0,"priority order: plastic skin, non-plastic active, Compton/FoV, final pass"
veto_priority_cutflow,p,compton_fov_veto,,,,0,0.0,"priority order: plastic skin, non-plastic active, Compton/FoV, final pass"
veto_priority_cutflow,p,final_pass,,,,0,0.0,"priority order: plastic skin, non-plastic active, Compton/FoV, final pass"
